Comment,Sentiment,Toxicity,ambiguity_flag
Nhiều người cứ nghĩ đạp xe là văn minh. haizzzz,,,
"Tước bằng lái vĩnh viễn đi. Chạy lếu láo thật, không coi mạng người ra cả!",,,
Quỷ dữ chứ không phải con người. Thật xót xa cho các cháu khi bị chính những người máu mủ ruột rà đối xử như vậy!!,,,
"Google, intel, Ibm của Mỹ đua công nghệ tạo ra máy tính lượng tử, chip lượng tử cách đây mấy năm rồi ạ và họ cũng có sản phẩm mẫu đầu tiên. Trung Quốc chỉ sao chép những gì được công bố và nghiên cứu sau thôi ạ. Mọi người đừng tâng bốc Trung Quốc quá bởi vì một người đi sau, nghiên cứu sau không thể linh hoạt và sáng tạo hơn người đã nghiên cứu trước được.",,,
"Cảm giác của nam thanh niên khi bị chúng đe dọa, cướp bóc còn cô người yêu thì bị chúng hãm hiếp nó đau đớn và bất lực cỡ nào thì không thể tưởng tượng nổi.",,,
thực ra bây giờ mọi người chụp ảnh rất nhiều nhưng ít người quan tâm và không mấy khi xem lại điển hỉnh là ảnh cưới,,,
"Murray cố nhưng cũng k thể thi đấu đỉnh cao đc nữa,dáng đi thất thểu,quá mệt mỏi và chậm chạp. Còn những cú trái của Stan thì vẫn có độ chất rất riêng và rất đẳng cấp",,,
Với động cơ điện chạy từ nguồn động năng từ pin sẽ làm thay đổi thế giới.,,,
Chúc mừng ngành hàng không VN,,,
Vẫn còn người thờ ơ.,,,
Đó là vì nấu nước chưa kịp nguội đã lấy để gội đầu.,,,
Nhắc đến tottenham hotspur lại nhớ đến bạn gì đó nói. Son chỉ được cái cao to và tốc độ hơn QH nhưng trình độ kỹ chiến thuật kém xa QH,,,
Một ông Bố tuyệt vời! Chúc cả nhà nhiều sức khỏe và hạnh phúc .,,,
"Sao ranh giới giữa sự sống và cái chết mong manh vậy , mới đây còn là con người sao lại hóa cầm thú mất hết nhân tính chia buồn cùng gia đình",,,
Chúc mừng thành tích của em. Nhưng học đến 3 giờ sáng thì không nên tí nào.,,,
"Không cho trẻ tự ý mở cửa, cốp xe oto khi không xin phép. Loạng quạng vụt vài roi cho nhớ.",,,
"Mấy bác phi hành gia lên mặt trăng rồi về vẫn khỏe mạnh đấy thôi, có sao đâu.!",,,
"Thấy con Kia Sorento 2021 mới ra ,nhìn ngon ghê",,,
Chiến tranh thật thảm khốc,,,
Tụi nó đang cứu nhau khỏi đuối nước đấy,,,
"Thật ra ở Mỹ người ta không quen hỏi nhau sẽ bầu cho ai. Quyền bầu cử là quyền bất khả xâm phạm. Để tránh hiểu lầm và xung đột không cần thiết, người ta có thể bàn bạc về những ưu/khuyết điểm của mỗi bên nhưng không hỏi là sẽ bầu cho ai.",,,
Đây tôi đi làm cắt tóc cũng như thế bị đình chỉ 10 ngày cho tóc dài ra rồi đi làm tiếp,,,
"Hiện nay tình trạng sử dụng kích điện để đánh bắt thủy sản xảy ra rộng khắp các vùng trên cả nước. Từ ngoài biển, trong sông, trên đồng ruộng ...đều có người sử dụng kích điện. Và nhiều đến nỗi đó là hành vi bị pháp luật cấm giờ trở nên bình thường mà ít ai lên án.Tôi rất cảm phục người dân ở xã Tam Đàn huyện Phú Ninh Tỉnh Quảng Nam này vì nếu dùng xung điện họ có thể bắt được nhiều cá hơn, nhưng họ lại không làm vậy.Chúc bà con mạnh giỏi!",,,
"Muốn ngăn chặn được ma tuý thì phải nâng cao nhận thức cho giới trẻ để tránh đi lầm đường lạc lối, có cầu thì mới có cung mà.",,,
"Con hà ăn được gỗ thì đúng rồi, chúng tiết ra các enzim tiêu hóa gỗ. Ở Indo hay Malay có loài hà như con giun làm tổ trong gỗ mục. Riêng với sắt và đá thì tôi không nghĩ vậy, hà tiết ra chất bám vào đá và sắt tạo thành môi trường gây ăn mòn cho sắt chứ bản thân nó không ăn và tiêu hóa sắt hay đá.",,,
Happy birthday! Happy Happy hạnh phúc,,,
"Hên là 5 cơn bão mỗi nơi một hướng tan trong nay mai, nếu 5 cơn bão tụ lại thành một vùng hậu quả khó lường.",,,
"Tôi đọc mà phấn khích như đang xem phim hình sự, các a quá xuất sắc, tuyệt vời",,,
bài này hay đấy,,,
Đang mong cầu Cát Lái làm sớm,,,
Cụ khỏe quá. Mất nửa hàm mà thọ tới 96 tuổi,,,
Rất thích những bài viết chuyên sâu với góc nhìn đa chiều trên nhiều lĩnh vực thế này. Cảm ơn tác giả Phan Duy!,,,
Thất bại rồi,,,
"Nói thật lòng tôi đầu 8x là fan của anh từ những năm 94 nhưng khi nghe anh hát dòng nhạc này cảm giác nó ko thật sự phù hợp vì muốn hát bolero thì hơi phải dài, mới đủ sức luyến láy, chứ hát bolero mà hát ngắt khoảng ko luyến láy thì coi như nhạc bolero đã mất đi phần nào bản sắc của dòng nhạc",,,
May Juventus gánh Tạ nặng chứ không Ajax làm gì có thế hệ vàng này. :'),,,
"Thay vì mỗi hs một điện thoại, thì chỉ gv có điện thoại, kết nối với internet và với projector. Nghĩa là gv có thể làm chủ tiết học mà không phải""giám sát"" từng hs.",,,
Sinh nghề tử nghiệp. Chia buồn !,,,
Ngày Vinfast thống trị thị trường ô tô Việt Nam sẽ sớm thôi! 10-15 năm nữa ! Thị trường ô tô Việt Nam quá tiềm năng do xe ô tô/đầu người ở Việt Nam còn rất ít,,,
"Xe hàn bán được tại thị trường khác thì bảo xe tốt. Còn xe hàn không bán được tại Âu, Mỹ thì bảo là bảo hộ nội địa. Đúng là tiêu chuẩn kép",,,
Đi câu cá bị cá câu.,,,
nếu đầu tư chạy dịch vụ chắc ổn bác nhỉ?,,,
"Nói như ngân hàng khuyến cáo: không cung cấp giấy tờ có ảnh... Không biết ông này có bao giờ đi du lịch theo tour chưa. Mọi người đi du lịch theo tour đều phải scan, nộp bản gốc. Vấn đề là khi ngân hàng tiếp nhận thông tin mở thẻ thì cần đối chiếu đúng người, cần thiết hỏi test vài câu để đảm bảo đúng người. ",,,
i10 cho tiết kiệm xăng,,,
cầu cho họ và con cái họ an toàn và khỏe mạnh,,,
Tội xúi giục con nít trộm cắp phải phạt thật nặng,,,
"Phim đó tui xem khi đi thi đại học, tới giờ có đài vẫn chiếu, vẫn hay như ngày nào",,,
"Nếu theo thang điểm, tôi xin lỗi Ông:Nói tôi chấm 9Làm tôi chấm 2.",,,
Lại khổ cho những người phòng chống dịch rồi!,,,
Đau lòng vô cùng con ơi,,,
"Giỏi Toán, giỏi Văn là do tư duy của HS. Còn giỏi Anh thì phần lớn là do môi trường. Những người hoàn toàn ko giỏi tiếng Anh bậc THPT vẫn đang thành công vượt bậc vì họ có nhiều năng lực khác cần thiết hơn: tư duy kỹ thuật, tư duy tính toán, tư duy phân tích... Khi vị trí việc làm đòi hỏi ngoại ngữ, họ sẽ tự trang bị ổn thôi. Ko nên nhồi vào 1 đứa trẻ quá nhiều thứ.",,,
"Bệnh này người ta còn gọi là bệnh hysterria thường mắc nhiều ở giới nữ, mang yếu tố tâm lý lây lan rất nhanh trong tập thể",,,
Căm phẫn. Không biết nên dùng từ nào để miêu tả về 2 con quỷ này nữa.Cách ly khỏi xã hội những thành phần này đi.,,,
"Taken là phim hành động hạng A đấy , một tượng đài của dòng phim hành động",,,
"Chia buồn cùng gia quyến chú Trần Phương ,mong chú an nghỉ nơi vĩnh hằng . Lúc cháu còn bé tý ,ngày đó ở vùng quê miền trung du thi thoảng vài tháng mới có đoàn về chiếu phim phục vụ bà con cả một khu vực vài xã . Lúc đó háo hức ,chờ mong ,vui mừng khôn siết được xem phim . Đoàn chiếu phim chở đồ trên những chiếc xe bò ( do con bò kéo ) . Lúc đó dân ở các xã lân cận kéo xem phim đông như chảy hội . Cả sân vận động đầy ắp người ,và ngồi tất cả trên nền cỏ ,mọi người đều đi bộ tới ,lúc đó chưa có nhiều xe đạp ... nhiều bộ phim đen trắng đã đi vào lịch sử , như em bé hà nội ,vĩ tuyến 17 ngày và đêm ,vợ chồng a phủ ...",,,
"nghe nó bị cắt rất nhiều, khác với bản gốc chiếu nước ngoài. Không biết còn hay không :(",,,
Cầu mong bão giảm cấp nữa đi để đồng bào miền Trung ruột thịt đỡ thiệt hại,,,
"con bê sau này khó khăn đi lại ăn uống ngủ nghỉ, chắc hai con bê oẳn tù tì coi ai đầu thai trước cả hai không phân thắng thua nên dính vậy.",,,
Cầu mong ngài sớm bình phục,,,
Khâm phục người cha như anh,,,
"nhìn cũng đẹp đi , nhưng nhìn từ trên xuống dưới ngay góc chữ D nhìn chán hết muốn nói",,,
Đất phân lô liền kề là nơi trú ẩn an toàn nhất trong giai đoạn hiện nay khi các loại hình đầu tư khác gặp nhiều rủi ra.,,,
"Bạn thân cơ, thân ai nấy lo. Thanh niên giờ quá manh động, hở tí mâu thuẫn là cầm dao chém giết người ",,,
Để xem Trump nghĩ ra cách chế nhạo như thế nào đây!,,,
"Cộng thêm semedo là 10 cầu thủ bồ đào nha rồi, mua thêm 1 cầu thủ Bồ Đào Nha nữa là đủ một đội tuyển Bồ (với đủ các vị trí trên sân) thi đấu tại ngoại hạng Anh với HLV người Bồ. Bồ Đào Nha hoá là đây.",,,
Tóm lại toàn giả thuyết.Tri thức con nguời so với vũ trụ quá nhỏ bé. Mỗi chuyện trái đất đứng yên hay chuyển động còn cãi nhau cả bao thế hệ. ,,,
"Có vô số và có thể lớn hơn nữa. Vd như tam giác cân có chiều cao đỉnh tới cạnh đáy lă 0.2mm = 2e-7km cạnh đáy là 6e+15km. Thì S = 2e-7 x 6e+15 / 2 = 6e+8 = 600.000.000 sqkm. 2 chiều cao kia bằng nhau và < 2x 0,2 mm nên tổng 3 chiều cao nhỏ hơn 1mm",,,
"Ở nam có Sướng, bắc có Phát - toàn đại za xăng dầu. Cuộc đời ngắn ngủi đôi khi Sướng một Phát rồi .... mặc đồ Juventus nhé",,,
Sau bao năm vất vả thì giờ anh đã có trái ngọt thật phi thường chúc 2 bố con bình an và hạnh phúc,,,
"HL có một giọng hát đẹp, lên cao xuống thấp xử lý rất tinh tế, cách cậu ấy đưa cảm xúc của mình vào bài hát chân thật như chính con người cậu ấy vậy.",,,
"có nhiêu đó ngày nào cũng đá qa đá lại qài ko chán hả tr, ai cũng hay mà?",,,
"mỹ giàu, mất hàng trăm triệu cũng được, quan trọng hơn là không phi công nào chết",,,
Trông mặt hai đứa này đã thấy bất lương rồi.,,,
"Thật đáng sợ, em search thử bà bầu ăn củ dền trên Google thì toàn nhắc đây là như là món rau củ giàu dưỡng chất cho mẹ và bé. Thực tế mẹ bầu 4.0 bây giờ ăn gì, uống gì đều dùng Google kiểm tra thông tin, chứ không phải ăn cái gì cũng đòi lên viện hoặc gọi bác sĩ được",,,
Vẫn ủng hộ Trump!,,,
"Kẻ 2 đường thẳng a // b có khoảng cách h = 1/3 mm. Trên a chọn điểm A bất kỳ, trên b chọn B,C có chiều dài l = vô cùng>> tổng chiều dài các đường cao của tam giác ABC < 3x1/3 mm < 1mmDiện tích tam giác ABC= 1/2*1/3*l = vô cùng",,,
"Thật vĩ đại!, Messi ghi hàng tá bàn thắng vào lưới Real và coi sân Hoàng Gia như sân tập, cay hơn nữa là Messi luôn cho MU ăn hành và cướp đi của họ 2 cái C1, cay hơn hết vẫn là việc Messi đạot 6QBV, 6 giày và lương cao nhất TG, CLB thì giữ lại như báu vật,..., còn idol Múi thì thua kém toàn diện cho dù đã dùng mọi thủ đoạn để bám theo như: ăn vạ hôi pen, tráo băng đội trưởng BĐN để tự bầu QBV cho mình, gập bụng khoe múi,.., nhưng vẫn không theo kịp Messi, vậy fan múi mới ghen tức anti Messi king khủng đến như vậy",,,
Trời ơi khủng khiếp!,,,
Cần xử lý thật nghiêm tội bạo hành trẻ em để không còn xảy ra tình trạng đau lòng này nữa.,,,
Cầm thú cũng không ác độc bằng hai chị em mụ này,,,
"Đúng là gương mặt anh nhìn khủng thật,hi vọng sau những lần mổ anh sẽ sớm trở lại với gương mặt bình thường nhất có thể!",,,
"Mình vẫn là fans của đồ ăn tại gia, tự mang bọc vải đi chợ mua đồ, hạn chế dùng nilon đến mức tối đa. Ngon - Bổ -Rẻ, hạn chế tối đa túi nilon đến môi trường.",,,
"Đã vào đến chung kết thì em nào cũng có cơ hội vô địch, nhưng Vũ Quốc Anh - Đắk Lắk vẫn trội hơn phần còn lại. Sẽ là lần đầu tiên Vòng Nguyệt Quế về với Tây Nguyên!!!",,,
Chuẩn xác,,,
"Rất phức tạp và bất cứ điều gì cũng có thể xảy ra! Nước Mỹ vốn dĩ là như vậy, giống như một bộ phim Holywood",,,
Phải xử phạt thật nặng không thể nhe tay với những cty sản xuất thực phẩm gây ảnh hưởng đến sức khỏe người dân,,,
Lấy than tre ở đâu không biết nhưng chắc không phải nhật.,,,
"Tra cứu thông tin trên CIC như nào, ai biết xin hướng dẫn giúp tôi với ạ.Tôi cảm ơn.",,,
"1. Vậy những con đường, công trình khác không có sự giám sát thì sao? Tại sao cứ phải đề cao giải pháp mang tính tình thế như vậy.2. Các bác nên nâng cao chất lượng, tăng tốc độ tối đa lên, 80km/h chưa phải là cao tốc, 5-10 năm nữa, xe hơi điện sẽ phổ biến, không còn nghe tiếng máy nữa, xe đời mới trên cao tốc mà nghe tiếng bánh xe với mặt đường dội lên cà rộp cà rộp chán lắm.",,,
Nhìn mặt đã thấy GHÊ Rồi,,,
Bạn còn trẻ bạn nên tham gia bhnt vì.Bạn còn trẻ còn khoẻ. Phí bảo hiểm sẽ thấpNgoài ra bạn tham gia bhnt là cách bạn thể hiện trách nhiệm của mình với Mẹ. ,,,
Kẹt xe nữa rồi,,,
"A Bo hiền lành, tính tình điềm đạm, nhã nhặn lịch sự, lại rất đẹp trai dễ thương, ai gặp anh ngoài đời sẽ rất quý mến!",,,
"tốt nhất là cấm trong lớp không dùng ĐT di động và nghe nhạcCấp 1 đến cấp 3 nên cấm, để học sinh có tư duy học bài tốt hơn.Theo tôi chỉ ở cấp cao đẳng đại học mới được sử dụng.",,,
""" Những người đàn ông thuộc tầng lớp lao động tay chân như Bickley, Karr, cùng bạn bè trên sà lan của họ, là ""fan cứng"" của Trump. Phần lớn họ là đàn ông da trắng, không có bằng đại học và trên 40 tuổi.""",,,
"cuộc sống mưu sinh khó khăn đầy nơi, người giàu sang tiêu phí cho hàng hiệu cũng đầy rãi. Xã hội muôn màu. Tiếc thay cho những số phận không may mắn. Những ai đang chi tiêu lớn mà những thứ xa xỉ, nên cân nhắc lại.",,,
"Nâng cao thêm, nâng mạnh lên - Chả có ai mua đâu mà nâng.",,,
Bác chủ không nêu rõ mục đích. Nếu đi gia đình hoặc ở thành phố nên chọn số tự động bác ơi. Cùng tầm giá thì con Attrage ngon hơn.,,,
Sự kết hợp hoàn hảo. Tiến lên ToT,,,
"Đã xác định có độc, cơ quan chức năng phải cho thu hồi ngay.",,,
xin chúc mừng em đã đem vinh quang trí tuệ về cho tổ quốc;,,,
Nhớ về Quê Hương nha các em.,,,
Hay lắm! Giọng của NS. Hà Chương cũng rất tình cảm. Khâm phục nghị lực của nhạc sĩ! Tôi là người miền nam nhưng rất thích nghe những ca khúc về xứ Quảng hay Huế.,,,
"Nên thông báo khẩn cấp xuống từng ấp, xã, huyện trên toàn quốc để báo động cho từng hộ dân về sản phẩm này thay vì thông báo trên phương tiện truyền thông. Đâu phải người dân nào cũng theo dõi báo đài",,,
"""7 tỉnh, thành từ Hà Tĩnh đến Quảng Ngãi"" 5 tỉnh còn lại là những tỉnh nào?",,,
"Đài báo, tivi phải đồng lọat đưa tin, chính quyền các địa phuong phải thông trên loa phường mới đến tai người dân được. Thật đáng tiếc",,,
Cảm ơn tác giả. Những việc tưởng chừng khó xãy ra nhưng khi gặp chuyện sẽ rất hữu ích cho những gia đình có trẻ em. Ngay như người lớn cũng không phải ai cũng biết cách xoay xở.,,,
"Tội nặng nhất là gieo vào đầu đứa bé tính trộm cắp, tuổi thơ trong sáng của bé đã bị bà cô nghiện ngập làm vẫn đục.",,,
Loại tội phạm này nên cách ly xã hội lâu vào,,,
Vaccine của nước nào vậy?,,,
"Cái xe máy chạy 20 năm đã nát lắm rồi, vậy mà cái máy bay này 43 năm vẫn còn cho phép sử dụng thì tai nạn chỉ là vấn đề sớm hay muộn mà thôi",,,
"Tui mua cruze 1.8 AT 2016 33k km giá 370tr, xe hơi hao xăng do xác nặng, đi đầm chắc.Đi xe này chú ý vệ sinh dàn lạnh thường xuyên, hộp phải thay nhớt thường xuyên 5000km là mình thay rồi 4,2 lít.Phụ tùng thì ra gara or vào vinfast mà mua, xe đi ngon hơn vios 100 lần.",,,
"Tuyệt vời messi thần thánh, bàn pen do pa ti.kiếm đc có tính không?? Tính thì si ghi đc 707 bàn. Cố lên messi anh sắp bắt kịp cr7( 743 bàn)",,,
"Ý đồ đánh thuế của Trump là thế mà, ép chuyển sản xuất ra khỏi TQ, đa dạng hóa chuỗi cũng ứng nhưng chuyện này đâu phải làm trong một vài tháng. Lúc đầu vẫn phải nhập khẩu linh kiện TQ dù dời nhà máy sang Ấn Độ hay Đông Nam Á, nhưng 5-10 năm sau các quốc gia này sẽ học hỏi từ các công ty Mỹ, châu Âuvà copy để tự sản xuất linh kiện và xây chuỗi cung ứng như TQ đã làm 30 năm trước.",,,
Chiều về qua không biết chuyện gì kẹt cả 1 đoạn đường giờ mới hay là bắt các con bạc,,,
"Ân Độ lên đưa ra luật nghiêm khắc hơn , nên tử hình nhg kẻ có hành vi cưỡng hiếp phụ nữ có lẽ sẽ giảm bớt đi đc tình trạng này",,,
Thiếu 1 tình huống đường 2 chiều nhưng vạch vàng liền(coi như con lươn).Nhiều lái xe đè vạch và lấn sang làn đường bên kia nhưng lại bị hù là đi sai làn thay vì lấn vạch.Giá đúng là 300-400 tăng lên 3tr-5tr .,,,
Đây chính kết quả đến từ sự quyết tâm dập dịch cùng với kinh nghiệm của đợt dịch đầu tiên đã giúp chúng ta chủ động trong chống dịch. Hãy luôn cảnh giác và không được lơ là. Việt Nam muôn năm!,,,
Thà đừng kết hôn thì có lẽ 2 người vẫn bên nhau.kết hôn rồi ly hôn lằng nhằng 3 năm vẫn chưa xong...,,,
"Em đi thấy bình thường, xe cách âm tốt.Vẫn hài lòng với Kona.Em cũng rất thích form Seltos, nhưng sau khi ngó nghiêng, lái thử thì em chốt Kona . Do em ưu tiên cho vợ nên lựa xe có hàng ghế sau rộng rãi, có điều hoà sau, và nhất là đi Kona không bị ù ạ (em thấy khoản cách âm của Kona làm khá tốt)",,,
"Chúc mừng Bayern có một năm đại thàng công và là nơi nương tựa cho rất nhiều fan du mục từ các CLB chuyển khác vui ké như : fan Rô, fan Juve, fan MU, fan Real.",,,
Nhiều thanh niên lắp trợ sáng đi đường làng cũng bật. Các ông lái oto cũng chẳng kém đi trong phố cũng bật pha rọi vào mắt người đi đường. Sao công an không làm mạnh tay chấn áp các việc như thế này đi.,,,
"Luật Mỹ nếu nổ súng khi đang ở trên xe là tội nặng hơn nhiều. Tội này càng bị nâng cao nếu xe đang chạy. Lý do chính là khi tay súng ở trên xe đang di chuyển cơ hội rất cao sẽ bị lạc đạn và gây hại oan cho nạn nhân khác không phải nạn nhân như dự định. Trong trường hợp này, chính xác là anh cảnh sát đang ngồi trong nhà với con bị lạc đạn mà chết.",,,
Dạo này hs bị tai bay vạ gió nhiều quá!,,,
"Cá voi xanh thường bơi từ vùng biển bắc cực đến nam cực và ngược lại. lộ trình của chúng đi qua gần nước Mỹ nên có thể theo dõi được.Cá voi chỉ ăn phiêu sinh vật sinh trưởng vùng nước lạnh (các cực) vào mùa đông. Cho nên khi chuyển sang mùa hạ ở Bắc cực thì cá voi phải di cư đến Nam cực kiếm ăn , vì lúc đó ở Nam cực sẽ là mùa đông. Trong thời gian di chuyển, cá voi nhịn ăn. Thường thì cá voi con được sinh ra trong thời gian di chuyển và nếu có bơi xa mẹ sẽ bị cá mập bắt ăn thịt. Cá mập giết cá voi con, nhưng chỉ ăn cái lưỡi của nó !",,,
"Chúng tôi thuê các cô trông, giữ, dạy trẻ chứ đâu chỉ để gửi con đến trường để chúng chơi? Các cô không nên trông dạy trẻ nếu không kiểm soát và điều khiển dk các thành tố bên trong và bên ngoài",,,
Thế thì tất cả các lễ lạc từ nay đến cuối năm sẽ bị xếp lại... Một Giáng Sinh buồn trong bệnh tật và chết chóc.?!?!...,,,
"Bạn Tùng thì quá giỏi nếu tính theo tiêu chuẩn quốc tế IELTS rồi. So sánh với người bản địa là không công bằng, trừ khi lớn lên ở nước ngoài hoặc có bố mẹ người nước ngoài.",,,
Cá sấu há miệng vẫn kiếm được miếng ăn.,,,
Thương con quá,,,
"Toyota Vios,không thân !",,,
Một hướng đi đúng cho Bale. Tot cần bổ sung hàng công khi đang chỉ có Kane và Son.,,,
Chung thân mà mới 10 năm 5 tháng đã ra tù,,,
"đây là 1 giải pháp rất hữu ích để giảm kẹt xe, cướp giật, phóng xe vượt ẩu... bên cạnh đó, mình thấy tìm giải pháp để điều chỉnh dải phân cách 2 bên đường cho phù hợp với các khung giờ cao điểm cũng là 1 giải pháp hữu ích, hiện nay có nhiều thời điểm 1 bên đường rất đông, trong khi chiều ngược lại thì vắng tanh, nhất là giờ tan sở. Nếu mình có giải pháp điều chỉnh dải phân cách linh động theo khung giờ thì sẽ bớt kẹt xe rất nhiều",,,
"Coclaurin và nornuciferin ( các glyxerit ) có trong hạt na độc với tế bào và làm ngưng tập tiểu cầu , ngoài ra có loại acid cao phân tử có tác dụng với HIV ,may mắn là hạt na có lớp vỏ khá chắc không bị thủy phân trong dạ dày nên lỡ nuốt nguyên hạt cũng không sao ( đừng làm vỡ hạt ) ,trong rễ na cũng độc như hạt, phần ăn được trong quả ngon và dinh dưỡng.",,,
"Bale về Tot thì 99% năm nay Tot sẽ có C1 rồi. Tiếc quá lũ trẻ suốt ngày rêu rao, thần tượng Bale nhưng đâu có dám bỏ tiền ra mua cậu ta về Barca.",,,
"7 chỗ, giá hợp lý, San đứng đầu phân khúc SUV chứ đâu?",,,
Thực sự hâm mộ ntk Mạnh Cuờng.,,,
"Giải pháp an toàn nhất là mua đất nhỏ quận 1,3,10.... Nói thẳng là không thể lỗ vì đất trung tâm tuy mắc nhưng giá trị tăng theo lạm phát. Mua đất xa TT thì hên xui, có thể lời đậm nhưng cũng có thể lỗ nặng.",,,
Bale đi rồi ai ghi những bàn quyết định ở những trận quyết định cho Real đây?,,,
barca chỉ thua nhà vô địch.. quá hợp lý !,,,
Em là nhân tài của Quốc gia. Mong em sau này đi du học hãy về phục vụ đất nước. Đây là mong muốn của Anh nhưng quyền quyết định lại là ở em,,,
Hi vọng giảm còn cấp 6 khi đổ bộ vào đất liền.,,,
Hồi mới nổi kiu ông hãy suy xét kỹ mọi điều thì ông cãi lại + ương bướng quyết theo con đường của ông. Giờ thì ông than.. Thật ra ông muốn sao..!?,,,
làm công ăn lương mà 10 năm dư được 3tỷ. 2 vk chồng tôi làm 10 năm âm nợ gia đình 2 bên 100trịu.hi,,,
"Mua là để đi chứ không phải để cho thuê,bạn ý đã nói rõ cần tư vấn xe sx năm nào,tầm đó mua được xe morning tầm 2015,i10 đời thấp hơn",,,
"Ngày ngày đón tin vui, mong dịch qua sớm",,,
Không còn là một con người nữa thật là thương tâm với cháu bé,,,
Ký ức tuổi thơ của tôi lại ùa về.,,,
1 đêm thu được 25tr???? tội các chú chó.và gia chủ quá,,,
Wowy đăng cấp thật sự,,,
Nếu đi cao tốc 1000km chắc hơi tốn nhiều tiền phí.,,,
"Điểm thi IELTS của bạn cao thật, xin chúc mừng. Nhưng thi đi thi lại tới 20 lần để làm gì vậy?",,,
"Biden chúc Trump và Đệ nhất phu nhân Melania ""nhanh chóng bình phục"" sau khi cả hai dương tính nCoV. Nhưng nếu ngược lại, Biden bị nhiễm và Trump âm tính thì chắc chắn Trump sẽ có một màn chế giễu ra trò!",,,
"Vui nhất là khi đọc tới đoạn bố mẹ, ông bà nội ngoại tới đón về. Vậy là con ko bị bơ vơ giữa dòng đời này...",,,
Nhìn mấy mẫu đẹp đến kinh dị.,,,
Cậu ấy đá quá hay mà lại bán đi. Ông chủ tịch đúng là chẳng cần biết barca sau này ra sao.,,,
Chúc mừng em đã trở lại . Bài hát hay quá ! :^*,,,
Một cái chết xứng đáng .,,,
"Kỳ lạ. Mẹ nuôi 39 tuổi, con nuôi 16 tuổi, dương tính ma túy, chưa có bằng lái, lái xe gây tai nạn đặc biệt nghiêm trọng, 30 tháng tù ?",,,
"Seltos chỉ dài 4,3 m. Seltos thuộc phân khúc CUV loại B nên hàng ghế phía sau rất chật. Phải thử ngồi vào mới cảm nhận dc. Kona bản 2.0 thấy khá rộng rãi.",,,
"ghê quá , kiếm vài ngàn một tháng đã khó , mấy cô này kiếm toàn là vài trăm ngàn cho đến cả triệu một tháng , sau khi về hưu thì sống thoải mái nhỉ ( nếu biết để dành )",,,
"Nếu ai từng sống trong khu nhà chơi đề sẽ hiểu ít nhiều về bộ phim này.Về cách quay làm mình thấy thực sự lạ, đa số là quay nghiêng.Về âm thanh thì rất tốt.Về nội dung thì tùy cảm nhận mỗi người. Bản thân mình chỉ thấy là, sau khi bước ra khỏi rạp là một cảm giác buồn, và đến ngày hôm sau khi nghĩ về vẫn thấy buồn. Có thể ngoài khi cũng đang có nhiều đứa trẻ phải vật lộn với cuộc sống như Ròm và Phúc. Nhận thấy bản thân mình thật may mắn khi không trải qua những điều đó.Cuối cùng, chúc đoàn làm phim gặt hái được nhiều thành công sắp tới nhé.",,,
Người đẹp Nam Mỹ bao giờ cũng bốc lửa và hấp dẫn.Chúc mừng em.,,,
Chúc hai em và các cháu luôn mạnh khoẻ và hạnh phúc. Hy vọng ngày nào đó em sẽ thấy được mọi người.,,,
"Bức ảnh cuối thấy hạnh phúc làm sao, giờ đất Sài Gòn hiếm có cảnh gđ con cháu quây quầng bên ánh lửa hồng như vậy lắm. Tuy họ nghèo tiền bạc nhưng mình cảm nhận họ rất hạnh phúc, điều mà có khi chúng ta mãi tìm mà chưa chắc đã được. Chúc gđ anh nhiều sức khỏe và ổn định cuộc sống.",,,
"Ngay cả các chuyên gia y tế trong ban đặc trách phòng chống dịch của WH cũng nói mọi người nên tự cách ly hai tuần khi biết mình có tiếp xúc với người dương tính, dù mình vẫn đang xét nghiệm âm tính và không có triệu chứng. Nhà Trắng biết trợ lý Hope Hicks dương tính vào sáng thứ Năm, nhưng Trump vẫn bay đến New Jersey để dự một buổi gây quĩ ngay sau đó, và phía Biden hoàn toàn không được cho biết dù ông Biden có nguy cơ vì đứng tranh luận với Trump hôm thứ Ba. Mọi tin tức bắt đầu khi kênh Bloomberg loan báo, nếu không thì đến bây giờ chắc người dân Mỹ cũng không biết gì.",,,
Mau khỏe nhé cháu! Cảm ơn đội ngũ y bác sỹ.,,,
xe mất phanh ah?,,,
"Hoài Lâm mình đánh giá là có thực tài, giọng hát có chất riêng không lẫn với ca sĩ khác...Nếu em không vướng vào chuyện tình cảm sớm, có lẽ giờ đã là một ca sĩ ở đỉnh cao (vì rất nhiều ca sĩ trẻ khác không hát được như Lâm đâu!), âu cũng là giá phải trả cho sự ""bồng bột của tuổi trẻ"" của chính mình và ""thiếu tư duy đầu tư, thiếu người định hướng"" nên bị lạc đường!!! Mong Lâm nhanh chóng tìm được con đường đi cho mình, đừng quá tự ti, vì ai chẳng có lỡ lầm trong đời...chỉ là có đứng lên được hay không???",,,
"Trương Quốc Vinh thật sự là một nghệ sĩ đặc biệt. Chú ấy ra đi cũng 17 năm rồi, 17 năm đủ để thay đổi biết bao con người, đủ để thời đại biến thiên, đủ để nhiều điều bị quên...ấy vậy mà mọi người lại nhớ chú ấy. Thỉnh thoảng coi các chương trình âm nhạc, tui vẫn thấy họ hát những ca khúc của chú ấy, cảnh tượng vẫn trăm lần như một, từ người ca đến người nghe đôi mắt đều ướt, họ cứ lẳng lặng nghe, cứ lẳng lặng lau nước mắt, từ người có tuổi đến tuổi trẻ thanh niên đều như vậy, khó hiểu mà lại dễ hiểu. Sinh nhật vui vẻ.",,,
"""Thời điểm chính xác con người sử dụng lửa vẫn còn gây tranh cãi, nhưng nhiều bằng chứng cho thấy thời điểm này là khoảng một triệu năm trước"". Đây là quan điểm theo Thuyết tiến hóa thôi. Từ lâu đã có bằng chứng khảo cổ chứng minh rằng con người xuất hiện cùng thời với khủng long, thậm chí là trước đó nữa, tức là hàng trăm triệu năm trước và họ cũng p[hát minh ra lửa từ hàng trăm triệu năm trước, ở mọi chủng tộc, chứ không đợi có suối nước nóng làm chín thức ăn. Nếu thế những nơi không có suối nước nóng họ chỉ biết ăn thức ăn sống thôi sao?.",,,
Cầu mong mọi người bình an! ,,,
Tội ác này không phải sát nhân nhưng còn ghê tỏm hơn,,,
Tội nghiệp bé quá!,,,
Tôi thấy ở Việt Nam có luật rồi mà sao vẫn thấy rất nhiều xe độ ống xả gây khó chịu và nguy hiểm cho người tham gia giao thông. Rất mong cơ quan chức năng mạnh tay với lỗi vi phạm này !,,,
"Trời ơi, đừng có biến những thứ truyền thống thành thứ bình thường. Những thứ trên không thể gọi là bánh trung thu, chỉ là bánh ngọt ăn trong mùa thu thôi nhé, không có chút màu sắc gì giống bánh trung thu - dòng bánh nướng có màu đặc trưng dùng thưởng trà dưới trăng, phù hợp cho mọi lứa tuổi, màu ấm áp của tiệc quây quần đoàn viên. Lý do nhiều người mua dòng bánh mini này chỉ 1 chữ thôi RẺ, sợ mập, ăn chơi chia đông người cho dễ. Còn thực tế người coi trọng giá trị truyền thống hoặc mua biếu không ai mua bánh này.",,,
"Vinfast LUX SA 2.0 còn nhiều nhược điểm, nhưng khả năng vận hành thì quá tuyệt, bạn hãy lên xe và cảm nhận. Tại sao người Hàn là 1 cường quốc oto còn Việt Nam thì chưa? nó phụ thuộc vào bạn. ",,,
"Trong tiết học đã có thầy cô, có giáo án xét đi duyệt lại biết bao lần, kiến thức như vậy là đủ cho học sinh rồi, nhiều môn còn quá nặng là khác. Học sinh muốn tra cứu trên mạng thì về nhà mà làm, còn trong lớp thì tập trung vào mà học. Chẳng lẽ thày cô và giáo án không đủ cho kiến thức 1, 2 tiết học mà học sinh phải dùng mạng thay vào?",,,
"Bây giờ các hãng xe tư nhân đã có bến riêng trong nội thành. Việc đi lại có nhiều phương tiện cho người dân lựa chọn... Nên chả có ai dại gì nhà từ Hốc Môn, Bình Chánh mà ra tận BXMĐ mới để đi.Một dự án không hiệu quả, cả về lâu dài! Chờ xem!",,,
Khi bạn được sinh ra đã ở ngay vạch đích.,,,
"Dồn tiền tính toán mua một chỗ thật sự tốt và phù hợp chứ rải ra hai ba chỗ là không nên, vì lô đất có giá trị cao ở vị trí tốt thường tăng giá nhanh hơn đất giá rẻ trong hẻm nhỏ hoặc vùng ven.",,,
Cầu mong thế giới bình an!,,,
"Bình thường thôi, quân thua chém tướng. Mình nghĩ HAGL cần 1 hlv có tầm về thành thích, và tiếng nói, chứ 2 hlv đó thì cũng chưa thay đổi được nhiều. Có lẽ HAGL nên mời kiatisuk hay hlv Thụy Hải, đây là những người có tính cách mạnh mẽ thì may chăng mới thay đổi được hệ thống.",,,
Chúc bé con khỏe mạnh bình an nhé! Tin vui quá!!!,,,
"Mỗi ng 1 cảm nhận thôi cũng tùy nhu cầu, mục đích sử dụng nữa. soluto bản bản MT cũng chưa tới 400tr thêm nữa đợt này có giảm 50% phí trước bạ quá rẻ",,,
"Nhìn 2 bộ mắt này sát nhân quá, xử thật nghiêm cho nó chừa",,,
Vẫn không hiểu lỗi đè vạch liền màu vàng ở ngoài đô thị thì gọi là lỗi gì?,,,
"Mình tưởng họ đã đáp lên Mặt Trăng rồi, thì việc đổ bộ tiếp theo sẽ trở nên đơn giản chứ.",,,
"25km thật ko tưởng, thật khủng khiếp.",,,
chrom hay crom bạn?,,,
Khi nhận vé đặc cách tuyên bố hùng hồn lắm mà sao lại out sớm thế Murray?,,,
"Lại nhắc lại kỷ lục 2 trận Bayern ghi được 8 bàn. Đúng là kỷ lục khó phá, có thể là lưu danh sử sách muôn đời",,,
Đây thuộc loại nhà xưởng rồi,,,
Má ơi con vi khuẩn gì mà nguy hiểm quá vậy. Bán đồ chay mà ko có tâm gì hết.,,,
Biden sẽ kiếm được phiếu từ các doanh nghiệp này. Nước Mỹ khó khăn để vĩ đại trở lại.,,,
"Chỉ Án sơ thẩm thôi, còn phúc thẩm nữa mà",,,
Tôi yêu bạn!,,,
"Lại thêm 1 giấy phép con, bao năm ăn học không bằng 1 buổi thi trắc nghiệm. Tại sao không nâng cấp đội ngũ giảng dạy cho tốt lên ?",,,
Những con đường thật đẹp. Góp phần tạo điểm nhấn cho Sài Gòn.,,,
Cái gì cũng có cái được và cái mất. Một lớp học trung bình ở Việt Nam 50 hs/ lớp. Không biết giáo viên có bao quát hết được 50 cái diện thoại kết nối wifi trong tiết học mà không dùng điện thoại. Đóng tiền 100k/ năm gửi tin nhắc điện tử mà bài báo đã phản ánh thu đủ loại tiền mới đọc hôm qua. Giờ phải trang bị thêm cái điện thoại thông minh cho con đi học nữa chắc kêu trời. Chả biết làm sao cho vừa.,,,
"đọc xong sống lạnh sống lưng, cha mẹ nào mà ác quá, tội nghiệp con, chúc con khỏe mạnh",,,
"Tình hình này, cần có kế hoạch chuyển hướng xuất khẩu sang thị trường khác thôi !",,,
Ủng hộ ngài Trump. Còn ông binden nay nói gì là việc của ông.,,,
Việt Nam cố lên! Đất nước chiến thắng!,,,
"tui thích Jolibe hơn, vừa rẻ vừa ngon",,,
Mấy xe phân khúc này để đi trong phố thay xe máy cho nên đừng có lăn tăn về độ bền và giữ giá/mất giá. Điều cần là nội thất khoang cái nào rộng rãi để gia đình ngồi dễ chịu là được.Hai xe này mình đã ngồi nhiều và thấy i10 là dễ chịu hơn. Hàng ghế sau ngồi thò thẳng được cái cẳng chân dưới 2 gầm ghế trước thích lắm. Mà sedan thì bỏ đồ rộng rãi và tách biệt cho nên không hôi xe.,,,
Đối đầu,,,
"Andy cole nói đúng, đừng thuyết phục cầu thủ hàng đầu đến để đợi 2 3 năm vô địch. Nên tốt nhất hay đặt mục tiêu vô địch luôn, nếu ko thì khỏi mua, mà MU mà muốn vô địch giờ còn xa vời lắm.",,,
"Hỏi ae fan Bar sao Pi thẻ đỏ không ra khỏi sân nhỉ. Việt vị à, vậy sao bàn thắng của Fati lại đc công nhận!",,,
"Phong toả kiểu gì doanh nghiệp lớn vừa nhỏ và làm công ăn lương đều bị ảnh hưởng.Nhìn Đài Loan,singarpo chống dịch đến thời điểm này là hay nhất Thế giới",,,
Tốt lắm,,,
"2 tuyến như bây giờ thôi đã kẹt xe gần chết , vì lượng xe phải đổ dồn sang các tuyến khác , thêm 3 tuyến nữa thật ko dám tưởng tượng .",,,
2 chị em chắc mất hết nhân cách con người. Thương các cháu bao nhiêu thì muốn 2 tên này chịu tội bấy nhiêu.,,,
"Anh là người đàn ông, người bố quá tuyệt vời, tôi rất hâm mộ và khâm phục nhân cách con người anh. Cố gắng nữa lên anh nhé! Chúc 2 bố con anh luôn luôn mạnh khoẻ; Luôn giữ vững tinh thần vui vẻ, lạc quan, yêu đời; Hạnh phúc và Thành công!",,,
"Chưa mua có 2 lý do. Một là ko có tiền -cái này khó mua. Thứ 2 là có tiền vẫn ko mua vì chưa hiểu hết ý nghĩa BHNT. Cái này cần tư vấn mới hiểu vậy nên mới sinh ra người tư vấn, nhưng tư vấn cần người có kiến thức, có tầm ,kien trì .Co khi nhieu người đã rất cảm ơn vì đc tư vấn rồi đó mọi người ạ. Nghề của họ là đưa lại sự an toàn cho người khác và tất nhiên họ làm thì sẽ không phải ko công. Thích thì mua ko thích nghĩ đơn giản cho đỡ tức giận. Người tư vấn sau họ ko biết bạn đã đc tư vấn, và cho dù biết họ cũng muốn TV tiếp vì nghĩ có thể họ sẽ nói ra đc điều gì đó hay hơn.",,,
8-2 lặp lại à . haha,,,
Cố tí làm con Vios hoặc Accent là ok.,,,
"nói chung mỗi người một quan điểm, nhưng đa số tôi vẫn phản đối việc cho trẻ sử dụng điện thoại trong giờ học.",,,
Cố lên Miền Trung ơi!,,,
xứng đáng,,,
Thương bé quá bé ơi. Bé nặng có 18kg. Thật đau xót,,,
"Hoan hô các đc công an, cần thiết phải mạnh tay hơn nữa, có thể tiêu diệt ngay những tay có vũ khí để an toàn cho người vô tội",,,
"Ngày nào cũng phải nghe một vài bài tiếng anh của bạn ấy. Nghe đến nghiện giọng bạn ấy. Chàng trai 90kg năm xưa, còn hài hước nữa chứ :')",,,
"Tôi đã nói rồi, xem Messi lúc 5 tuổi, 17 tuổi, 20 tuổi, 25 tuổi hay hiện nay thì luôn có 1 đặc điểm chung của 1 thiên tài: khả năng qua người thượng thừa, luôn hướng về phía khung thành. Xem mà sướng. BLV quốc tế chỉ có thể thốt lên 'Brilliant... Messiiiii, Brilliant skill..ohhhhhh'.",,,
Tôi yêu Việt Nam ta,,,
"Có một điều hết sức quan trọng mà các nhà quản lý giáo dục có lẽ đã bỏ quên, đó là trong một tiết học, ngoài việc truyền đạt kiến thức sách vở, người giáo viên còn cần phải có thời gian để uốn nắn hành vi đối với các em học sinh. Với lượng kiến thức nặng nề và áp lực thành tích như hiện nay thì hiện tượng học sinh hư hỏng nhiều và bạo lực học đường là điều hiển nhiên sẽ xảy ra không dưới hình thức này thì cũng dưới hình thức khác",,,
Việc bạn tư vấn bằng hoặc hơn lãi suất ngân hàng thường là k chính xác. Mức họ tư vấn là mức minh họa hoặc cùng lắm là được vài năm đầu.Nên mua bảo hiểm nhân thọ để đảm bảo an toàn cho cuộc sống bạn và gia đình. Nhiều người tư vấn nên bỏ ra 10 - 20% nhưng với tôi thấy nó k nên. Nên dừng tại 5% - 10% là hợp lý hơn.,,,
Mong cho thế giới và nước nhà sớm nghiên cứu thành công vacin,,,
"Bale sao ko qua bà xã để gánh tạ thay Suarez nhỉ, fan m28 thần tượng Bale lắm mà. Qua mà gánh m28 chứ mùa này bà xã lại trắng tay tiếp.",,,
Tôi tra mãi ko tìm ra cái ông tên đường nhà tôi làm gì quê quán ở đâu thành tựu thế nào,,,
"Bên Hàn Quốc chê kona , lại mê seltos, đất nước dùng chủ yêu xe nội địa, vì chê kona bé, nội thất đồ nhựa loại rẻ tiền. Top 10 o tô bán chạy nhất 6 tháng đầu năm tại Hàn Quốc có e seltos, còn kona bị covy dí chạy mất hút.Mặc khác cơn sốt đặt hàng e seltos tại nhiều nước trong đó có h.Quốc , còn kona có nghe tên mà lại k.có tuổi kkk",,,
"Thiết nghĩ cần quan tâm đến an toàn cho người lao động hơn một chút. Như a công nhân trong hình cưa cây không có mắt kính, khẩu trang, nón, găng tay... bảo hộ. Nhỡ có chuyện gì thì chỉ có anh ấy và gia đình là chịu thiệt.",,,
"Đưa ra cái giá 300 triệu ~ thì may ra còn lừa được, chứ cái giá 55triệu về tỉnh nơi tôi vô hẻm mới mua được, mặt tiền từ 150 triệu.",,,
"Độc tố này quá nguy hiểm, có lẽ cần phải đưa thông tin dừng ăn Pate Minh Chay lên phương tiện truyền thông địa phương, thôn bản để dân chú ý hơn. Vẫn biết việc này có thể ảnh hưởng lâu dài đến doanh nghiệp, nhưng mạng người mới thực sự quan trọng.",,,
"Hãy từng bước chứng tỏ mình là cầu thủ có giá trị thực sự nha Bale. Đừng có ăn bám nơi mình thi đấu và cũng đừng bao giờ gởi tờ burofax cho chủ tịch nha. Đàn ông mà, khi đã quyết đi thì đi hẳn chứ đừng giả vờ khóc lóc đổ thừa rồi lại muối mặt quay đầu lại, nhá.",,,
"Cơ bản nhất là vệ sinh từ khâu chăn nuôi và đặc biệt là giết mổ. Kinh khủng nhất là lấy tiết ở khu giết mổ tập trung. Nước dịch, nước phân bám vào lông, vào da lợn sau đó theo tiết chảy vào thau. Các bạn thử tưởng tượng xem.",,,
Một ý tưởng hay để thiết kế một chiếc áo thun.,,,
"cầu chúc ông mau bình phục, ông ấy là 1 người cha tuyệt vời",,,
Mong Tổng thống Trump sớm phục hồi,,,
Nói chung là con người điều mong muốn hơn cái hiện tại.,,,
Chúc an lành cho cậu bé và rất cảm ơn tập thể y bác sĩ đã tận tình cứu chữa. Chúc khỏe.,,,
Rong được con cá này vào bờ mệt lắm nhưng mà rất khoái,,,
"Xe này đi đô thị tầm 8-9l/100km. Lên cao tốc 130km/h êm ru, cách âm tốt, đầm chắc. Chỉ có vấn đề thay thế phụ tùng về sau ko biết thế nào khi GM đã ko hỗ trợ ở VN. Nhưng mà giá đó mà xe ko vấn đề gì thì cứ xúc nhanh kẻo người khác mua mất.",,,
Mấy bác có công quá lớn không kể được!,,,
"Chủ yếu là do cách phát âm khác nhau giữa người nam và người bắc thôi. Ghi lệch đi tí để âm tiết nghe gần gũi dễ nhớ và dễ đọc theo thói quen phát âm, chứ không vấn đề gì.",,,
càng đơn giản hóa càng tốt!,,,
Năm nay sẽ trắng tay và bắt đầu thời kỳ đen tối và 20 năm nữa mới quay lại,,,
Nhìn giống Nam Em đến 95%,,,
"Hậu quả khi ông Trump rút khỏi rất nhiều hiệp ước quốc tế, trong đó có hiệp ước khí thải và nhà kính! Bởi vậy mấy năm nay Mỹ hứng chịu rất nhiều bão tố, thiên tai hoạn nạn thiệt hại quá thảm khốc về người và kinh tế!",,,
Người thứ 11~20 đến từ Việt Nam ! The Bloomberg dự báo sẽ có cơn bão soán ngôi top10 trong 5-10 năm tới.,,,
Điểm sàn như thế này là quá thấp. ít nhất theo phổ điểm năm nay phải 24đ.,,,
"Tôi cũng bị dính chấu, may mà ít thôi!",,,
"dập dịch rất tốt nhưng hy vọng dân mình không chủ quan. hiện tại các quán cà phê, quán nhậu tại ĐN mở lại rất đông người ngồi, tất nhiên không đeo khẩu trang, các hoạt động ngoài trời cũng thấy 1 phần không đeo khẩu trang",,,
 Phải đi lên từ năng lực mình mới có giá trị,,,
Những bạn trẻ có Tâm hồn cao đẹp...rất ngưỡng mộ và mong là các bạn sẽ tiếp tục công việc ý nghĩa này,,,
"Nhớ hồi BoBo hát ở sân hàng Đẫy năm 2001, khán giả quá đông và bỏ lại hàng loạt đôi dép do dẫm chân nhau chạy theo BoBo dưới bãi cỏ",,,
"Thị trường ôtô VN giá ~1,5 tỷ dần bị xe Hàn thâu tóm hết rồi. Với cái đà này thì 10 năm nữa ra đường toàn thấy xe Hàn giống như đồ gia dụng điện tử tivi, tủ lạnh, máy giặt, smartphone....trong các gia đình hiện nay.",,,
"Lần sau có mời thì nên mời mấy clb mạnh mạnh chút như bayer,liver,roma chẳng hạn. Mời ELche thì trao luôn cup cho rồi, đá đấm gì nữa.",,,
Kiểm soát đường biên giới là biện pháp tốt nhất để không lây nhiễm.,,,
"Chúc mừng bacer,đội hình năm nay vẫn ngon phết đủ sức vô địch c1,nếu hlv giỏi....tuyến trên có cuotinho trở lại,thần đồng fati kết hợp với messi và griezmann tạo nên bộ tứ tấn công mạnh mẽ,tuyến giửa kết hợp kinh nghiệm của busquets và sức trẻ của De jong tạo nên sự nhuần nhuyễn,2 cánh có alba tuy già tí nhưng vẫn còn đẳng cấp,sergi roberto vẫn tấn công và thủ rất ngon,trung vệ piqie và lenglet cũng tạm ổn.",,,
"Nobel Hòa bình giành cho đoàn Bs Cuba là rất xứng đáng. Đất nước, con người Cuba rất tuyệt vời!",,,
"Chúc mừng các chú, câu được cá to.",,,
Cầu siêu cho bé,,,
"Anh chắc không xét nghiệm mới có con số đó, chứ ng ở Anh về đa số nhiễm bệnh mà, con số có thể lớn hơn nhiều (nhận định cá nhân)",,,
Ơ VN cá lóc bị đập đầu bốp bốp nấu canh chua mỗi ngày...,,,
Tôi cũng khóc !,,,
"Tôi vẫn thấy anh Huy đưa con đi học mỗi buổi sáng sớm, ảnh luôn vui vẻ và rất tình cảm với các con, thật sự ngưỡng mộ anh. Chúc 2 bố nhiều sức khỏe và nhiều thành công hơn nữa để giúp đỡ các con trở thành các nhân tố cho xã hội",,,
Liệu ông ấy có thể như một cây săn bàn bị chấn thương nhưng vẫn trở lại được sân bóng và ghi bàn quyết định vào phút thứ 89 không nhỉ ?,,,
"Ảo tưởng, nếu rời TQ thì điểm đến là các nước nhân công rẻ chứ về Mỹ tiền đâu trả lương . Chưa kể các ngành công nghiệp phụ trợ và chuỗi cung ứng khủng khiếp",,,
"truy giết đến cùng .a men, thiết nghĩ tình tiết tăng nặng sẽ được áp dụng.",,,
"Trẻ em phải được vui chơi chạy nhảy, tại sao phải bắt trẻ em mới lớp 1 mà phải đọc giỏi, viết giỏi. Đề nghị phải thay đổi cải cách lại để trẻ vừa học vừa chơi chứ đi học xong về nhà ba mẹ kèm bài vở như tra tấn nhau vậy thì đứa trẻ nào muốn đi học nữa. Xin thua...",,,
Chống dịch vừa ổn 1 tí bây giờ phải lo chống bão. Ôi Đà Nẵng quê tôi!,,,
"xin gởi lời chia buồn đến gia đình, anh chàng rể này quá mất nhân tính, đê hèn khi cầm dao đâm chém những phụ nữ không tấc sắc trong tay, thật hết ý kiến cho loại người này.",,,
Khẩn trương sang youtube để nghe lại,,,
Chạy dịch vụ cứ xe nhật mà múc. Xe Hàn đi chơi thôi.,,,
"Thành phần này nguy hiểm quá, nên cho đi lâu 1 chút",,,
"Ghi âm tiếng chó sủa, hổ gầm, sư tử rống xong đó cho phát triên loa công suất lớn là xua đuổi được thôi",,,
Nhất quỷ nhì ma thứ ba là các cháu . May mắn là không làm sao bài học nhớ đời nhé !,,,
mua cruze 2013-2015 đủ tiền đó. ngon hơn mấy em kia,,,
Tot mạnh khủng thật.,,,
"Thẳng thắn là khi đưa ra ý kiến mang tính xây dựng một cách không e dè. Còn Trump chẳng đưa ra ý kiến gì, chỉ toàn những lời miệt thị cá nhân. Đó là thô lỗ chứ không phải thẳng thắn.",,,
Mình thấy ông này rất kém...,,,
Trời ơi nhắc đến đường Nguyễn Hữu Cảnh là ốc ác nổi hết trơn... Ngập nước kẹt xe ai cũng rầu... Giờ cấm 6 tháng qua cầu vượt Nguyễn Hữu Cảnh nữa rất căng thẳng,,,
Quá đẹp! ,,,
Sức mạnh của sự đoàn kết.,,,
"Đẹp như tiên giáng trần, ko biết cô ấy phải chịu đựng những gì trong cuộc sống mà phải tìm đến cái chết. Thật là đáng tiếc, chúc em hp trên thiên đường",,,
"Dù con chó nào nhìn đẹp nhìn sạch đến đâu cũng k dám lại gần. Thấy chó con mà chạy theo liếm chân là sợ hãi hùng luôn. Bản chất chó là loài hung dữ, nên trước sau gì cũng lộ thói hung dữ ra thôi",,,
Juve mua Rô về mục đích chính là vô địch C1 chí ít là vô tới chung kết nhưng chỉ loanh quanh khu vực gửi xe và vòng 1/8. Nay mượn lại Morata từ Aletico một người cũ đã ghi bàn trong trận chung kết C1 cho Juve cũng chỉ với mục đích chính là cõng Tạ thoát khỏi vòng 1/8 c1 thôi,,,
"Đã nhậu con này, ngon vô đối. Tôm Hùm gọi bằng cụ :D",,,
"ở Mỹ người ta không đánh bắt ven bờ, không bắt cá nhỏ, cho nên cá rất nhiều và sẽ còn rất nhiều con cá trê cỡ này đang sống",,,
"Người Bố tuyệt vời quá! Chúc GD luôn khỏe, hạnh phúc.",,,
"Sao nhiều bác cứ lôi MU vào vụ kiểu như này thế nhỉ ?! ARS tôi nghĩ mùa này sẽ đáng xem hơn đấy, ! nhưng quan trọng cuối mùa xếp ở vị trí thứ bao nhiêu thôi, còn trận này chỉ đơn giản Ars gặp nhà vô địch mùa trước và vẫn quá mạnh so với phần còn lại nên thua ! Nói về MU,Tôi để ý MU cứ khởi đầu chệch choạc nhưng càng đá lại càng ổn định hơn !",,,
"Thế là hèn ! To con hơn , có công cụ hỗ trợ mà không bắt được cậu bé 14 tuổi !",,,
Các mẹ đơn thân có con gái tốt nhất không nên đi bước nữa. Yêu thì yêu xong rồi ai về nhà nấy.,,,
Thương quá là thương Bôm và a QT! Cố gắng lên 2 cha con nhé,,,
Mỗi ngày một niềm vui và đây thật sự là niềm vui lớn nhất,,,
"Electra thiết kế tối giản nhưng vô cùng đẹp đẽ và mạnh mẽ.Thay cho nhà Toy, Alphard thiết kế cho người ngoài hành tinh ",,,
""" Gặp Liverpool, chúng tôi đã đốt quá nhiều sức ""Công nhận hwa các cầu thủ ARS khi hàng hv có bóng thì cuống cuồng chuyền, sợ cầm lâu 1s làm mất bóng, và khi k có bóng thì hàng công đuổi theo bóng trong vô vọng mà cảm thấy thương :VTốn sức quá.",,,
Nam mô A di đà Phật! Cầu mong mọi người bình an!,,,
Nghị lực phi thường .,,,
Vào lớp 1 để học chử hay học chử xong mới vào lớp 1 ??? Phụ huynh và nhà trườngcần đánh giá lại điều này !,,,
Cô ấy phù hợp làm tổng thống hơn cả cha và Biden.,,,
"Fadil hạng A bằng giá với kia soluto hạng B, còn lại vài thua mọi mặt, bạn nên cân nhắc.",,,
Covid-19 đang nợ Lewandowski một Quả bóng vàng! Chứ không phải Bóng đá nợ Si một Chức vô địch TG như các Cules vẫn kêu gào.,,,
Nhiều cầu thủ hay quá,,,
"Không biết không quan tâm nhóm nhạc Hàn Quốc nào, toàn nhảy múa đu đưa.",,,
Chỉ có thể là ở MỸ mới có cuộc cải nhau giữa tổng thống và ứng viên tổng thống cải nhau như hai bà bán cá ngoài chợ,,,
"Con tui sau này muốn học sao học, đúp lại cũng được, tui vẫn cho bé ăn ngủ chơi đầy đủ. Một khi thể chất tốt thì làm gì cũng được, còn không thì bỏ đi, thất bại toàn tập.",,,
Mua xe điện bạn ơi. Tesla chẳng hạn,,,
"Thật ra thì có kẻ đã gọi điện kích động nạn nhân và mai phục sẵn khi biết chắc nạn nhân sẽ xuống nhà. Nạn nhân chết bởi cú đánh lún sọ lúc đầu tiên. Đâm chém sau này chỉ là muốn chắc chắn đã chết. Người cùng làng, ăn nhận cùng chỗ nên quá chủ quan mà chết. Âu cũng là số phận.",,,
Chúc mừng các chiến sỹ công an trong ban chuyên an,,,
"Rất ngưỡng mộ Ivanka Trump là cô gái tài sắc vẹn toàn. Con gái như vậy ông bố nào chẳng yêu quí. Chúc mừng Donal Trump, hy vọng ông tái đắc cử Tổng thống",,,
"Hết sức đau lòng. Các trường phải kiểm tra cánh cổng, trụ cổng vòm cổng...cho an toàn. Cầu mong các linh hồn bé bỏng sớm siêu thoát. ",,,
nếu nó ngon và tốt cho sức khỏe thì càng tốt chứ sao?. nhiều món ăn đâu cần thẩm mỹ miễn là người thưởng thức thích là được.,,,
"Serie về Robert langdon thật khủng khiếp, logic táo bạo đầy mê hoặc, thank you sir!",,,
"Đã từng, nhưng ko quay lại được đâu, chỉ có quay đầu đi hướng khác, nhưng quay đầu đi hướng khác mà vẫn không quên được, vẫn phải nhớ, sầu càng thêm sầu. Còn gì để thương, còn gì để nhớ, còn gì để quên!",,,
Mỹ: Mercedes - Lexus- Audi-BMW ( khai láo chứ BMW đứng thứ 4)VN: Lexus - Mercedes- Audi- BMW (Mình đã trừ các dòng xe phổ thông của mercedes ra khỏi bảng tính).Thân,,,
"Đình chỉ học có khi còn thích . Theo tôi vẫn cho đi học bình thường , buổi còn lại bắt đi lao động công ích.tái phạm thời gian lao động nhiều hơn.",,,
Tại sao họ từ nước ngoài về nhưng không có giấy xác nhận âm tính. Mình nghe nói có giấy mới được về mà.,,,
"""Cô giữ quyền nuôi cả sáu con suốt những năm qua. Brad Pitt muốn tòa án chia đều thời gian hai người được gặp các con.""Xem đây đủ thấy ai biết điều, ai quá đáng.",,,
"Nội dung chất lượng quá, xin cảm ơn!",,,
"Vẫn là Pen, một bên cướp Pen của em út với một bên tự làm tự ăn, vậy thì ai hôi pen bẩn vậy cule?",,,
Việt Nam thật tuyệt vời,,,
"Bão Noul được dự báo là cấp 12 ...?! Thương bà con mình quá , vừa chống bão , vừa chống dịch . Khó khăn chồng chất khó khăn ....",,,
"Các loài dưới biển còn có cơ hội lẫn sâu xuống đáy đại dương để tránh fon ngi, còn những động vật trên cạn thì đang dắt tay nhau tuyệt chủng",,,
Chia buồn cùng cá sấu vợ,,,
"Với khối lượng như trên, khi vụ nổ xảy ra sức ép của vụ nổ cực lớn xé toác những thứ ở gần, kể cả con người ở gần khu vực vụ nổ. Trong video clip thấy nhiều xe đi trên đường vẫn đi lại bình thường, thậm chí có một số xe dừng lại để xem vụ nổ nữa..",,,
"Huyền thoại mà ăn nói thế chẳng khác nào dìm bùn mờ U thần thánh à , có bết bát quá thì cầu thủ tài năng mới không thèm đến vì sẽ chôn vùi sự nghiệp B) B) B)",,,
bố mẹ đẻ ra là cá sấu nhưng lại thích làm cá heo,,,
"Giá đất mặt bằng chung cho qua cuối năm sau cũng không tăng nổi đâu bạn, giảm nhiều hay ít tùy vùng thôi. Lời khuyên cá nhân tôi thì chưa nên mua bây giờ, thay vì mua đất hoặc gưởi ngân hàng thì có thể dùng tiền đó đầu tư nghành mà vợ chồng bạn am hiểu, chứ vợ chồng bạn làm việc siêng năng dành dụm tích góp được 3 tỷ, nếu bạn mua đất ngay bây giờ thì cuối năm nếu mặt bằng chung giá đất xuống chỉ cần khoảng 10% thôi là bạn đã bị mất khoảng 300 triệu, nếu bạn để qua cuối năm hoặc năm sau mua sẽ không phải mất mấy tháng doanh thu làm ăn vất vả của vợ chồng bạn.Những người đang sỡ hữu đất bằng tiền của họ chứ không phải vay mượn thì chẳng ai bán thời điểm này đâu, trừ những người có chuyện đột xuất bắt buộc phải bán thì họ mới bán, mà thời điểm này người mua đất rất ít nên nếu bạn tìm được những người bán này hoặc những người đang vay mượn để đầu tư đất nhưng không trụ nổi nữa thì bạn có thể mặc cả nhiều hơn, thuận mua vừa bán, giá sẽ mềm hơn.",,,
Sống chung với lô cốt tiếp .,,,
"Bạn nên giữ vàng lại và từ nay đến cuối năm lúc nào nó lên đỉnh 2000 USD thì bán. Tôi từ trước đến giờ đầu tư đất nhưng giờ cũng chuyển qua vàng. Trong vòng 10 ngày qua nếu bạn đầu tư vàng với số tiền đó đã lời 70triệu. Từ hôm vàng rớt giá thôi nhé. Ngày 22/9 bán ra 55,8 triệu. Ngày25/9 mua vào 54,8 triệu. Lời 50 triệu. Ngày hôm nay 2/10 bán tiếp 55,7 triệuLời tiếp 45 triệu. Tôi đã làm.",,,
"Bánh trung thu sao lại phải có quả trứng muối bên trong nhỉ. trẻ con giờ cũng không thích ăn bánh nữa. người lớn thì lại càng không (đa số). vậy nên hãy để cho một vài năm ko có bánh trung thu, rồi quay lại sau đi, khi đó mới thêm trân quý truyền thống lâu đời",,,
Coi cười xỉu,,,
Du học sinh Úc mà lại,,,
My su,,,
"@Ngoc Quynh Nhu Nguyen Nó góp ý thì có ngon vào thẳng Facebook Linda mà góp, đm góp trên đây cho cha mẹ nó đọc hả gì. Thứ ngu mà đéo biết nhận xét",,,
From Mixi Long An chúc a và gia đình lễ Vui Vẻ,,,
"Nguyễn Vy Út Tuyền Việt Nam! 3 mấy ca trường học dc nghỉ, nhật 1 vùng đã 80 ca thì lại k thấy động tĩnh... bất hạnh =))",,,
2022 ??????,,,
chậm cái địt mẹ m,,,
Lý do hôm qua G2 bị sấp mặt Và cũng là dự báo cho vòng 16 tuần sau🙃,,,
Ảnh ghép hú hồn cái lol còn nguyên 🤧🤧,,,
chúc tộc trưởng. Sói và cà chị trang và em bé trong bụng nghỉ lễ vui vẻ luôn a,,,
Tưởng những quả bầm dập đem cúng bác Hồ bác Giáp....,,,
Ba cát lạng,,,
OK thầy iu,,,
Ngầu quá thầy ơi,,,
Nguyễn Thị Luận Nam Định cũng vậy🙂,,,
Bọn nó bán nước hết rồi. Chế độ độc tài độc đảng thì không 1 cơ chế nào có thể ngăn bọn chúng bán nước cả .,,,
Anh độ chửi con nhân vật ngu mọi người ạ . Trong khi anh ấy... mọi người hiểu ý tôi chứ,,,
😍😍❤️,,,
"đừng nghĩ các nc châu phi là nghèo nhé, chỉ 1 số nc có nạn đói thôi, 1 số nc vẫn xe hơi đầy đường :v",,,
Nay Trần Dần mặc áo khác hẳn mọi ngày.có lẽ chuyển bị tiếp đón Corona nhập hồn đây..😁😁😁,,,
Thầy giáo mày fan Tào Tháo rồi,,,
Các bạn đi cãi nhau với một cái nick ảo chỉ biết chửi bậy không lý lẽ làm gì vậy?,,,
Quỳnh Như duyệt này. 👍😊,,,
Con mèo kêu meo meo,,,
Nguoi giau kg ai an noi tho tuc vay dau,,,
Lol này cây vô đầu nó mới sợ :),,,
"Nhuận Nhi t thì lạ hơn t thấy chỗ lạ t càng dễ ỉa hay sao á, đi đâu cũng có cuccut :))",,,
Cảm ơn bạn đã cmt.,,,
Cao Quốc Minh gần nhà nè e :))),,,
Nhọc thực sự,,,
Hài vcl,,,
Ai xin inb tôi đi,,,
Nguyễn Thanh xin link video bro ơi,,,
Thiết nghĩ nên tháo bài này xuống đi ad ah . Có những lúc chửi cần phải có tư duy 1 chút nhé .,,,
Người đâu mà đẹp quá,,,
"Giá xăng rẻ hơn vài ngàn đồng, thu nhập cá nhân thì thấp hơn vài ngàn đô, thiên đường XHCN",,,
Ok thay`,,,
Yến Linh uôn cụp tầng cao ạ,,,
bã nc thô nhưng vui mà lại có thật tình.thấy cảm giác dễ chịu.,,,
Chắc hít dạ hương xong lú cmnr,,,
Nho Lâm còn chưa có kq của mấy nv trong ĐMX nửa đó c. Rồi họp chung 40 người nữa. Con số này chưa dừng lại đc rồi 😭,,,
chot don chot don chot don chot don chot don chot don chot don chot don chot don,,,
"Cho e hoi, lam sao de liên lạc trực tiếp với chị minh hiếu vay ạ",,,
Tức nhiêng là tức nhiêng là không biếc,,,
Nghe rất đời hư ảo nhưng lại đưa em vào cơn mê :))),,,
Xa hoi tồi tệ,,,
"Nguyễn Đình Hảo được bài hồng nhan trên 100tr view còn bài bp với sg chẳng lẽ k cần beat , jack nó kết hợp với hoaprox đéo nghe đc gì",,,
Yêu mẹ,,,
rất thuyết phục,,,
"Những thằng nói đạo lí,thường sống như L^**",,,
Công nghệ Đức của nhà máy nước Sông Đuống đây :)) hoá ra là Đức Chung :)),,,
Chi oi dep qua,,,
Tin vào đảng đi các con dời!,,,
xịn xò như này k thầy 🤔,,,
Ai làm gì nó mà kén,,,
Nguyễn Công Kiên mốt ko được kể chuyện cười nha em :3,,,
Linh vật của team :v,,,
Thật sự là thấy cô dễ thương lắm luôn 😍,,,
Chi kim hat nhac che hay that,,,
Tui cười xĩu luôn á trời. Bã cưng dễ sơk,,,
Hồng Trần về không bị cách ly à🤣,,,
"bị tàu ""lạ"" bắn đó :v",,,
Cũng do tham mà thành ra thâm,,,
"Bố m bảo rồi , h nhục như chó chưa , đàn ông đàn ang để cmn lại đi cho chất , sợ lồn =))",,,
Mắc qá fai làm sao?,,,
Nguyễn Hà Trang đtrai vl mà kaka,,,
Nhin chi đep hâp dân qua mui chi đep qua,,,
nó vẫn cứ nghĩ hút thuốc trên xe là chuyện bình thường,,,
Spam,,,
Nghi vấn hối lộ nha,,,
Mong đừng biến VN trở thành Ổ DỊCH!,,,
Hủ chào bạn,,,
Thầy phải thay cho petland mới hợp,,,
Ko thik thì biến ai mượn bấm vô koi ko thấy tựa ghi thánh liệu hả,,,
Rân chơi Cao Bằng:)),,,
đất nước chúng ta nghèo nhưng ko bao giờ hèn,,,
đó là câu chuyện buồnnnn,,,
Bá đạo ợ,,,
From Cà Mau. With Love,,,
"mình có quyền thương lượng or nếu THP có nhả ý làm đúng luật thì đã hướng dẩn anh Minh tìm cách xác nhận đây có phải là sản phẩm cuản mình hay ko. cách làm này của THP có ý đồ là: nếu sau này có gặp chai nước có vấn đề thì khôn hồn tự tiu hủy nhé, chứ ý kiến í cò là chết với anh",,,
Nguyễn Xuân Bắc trend nhảm Vl,,,
So dien thoai 01262978842 việt theo,,,
Hóng thầy 3 làm 1 số clip về pubg,,,
Kỳ án,,,
Trend chym bé,,,
QuânAnh dogy chứ,,,
Dj zuy nhat tai vn nghe nhac Dj mà k nhảy,,,
Khá xa so vs t ở nên khỏi lo :)),,,
Sống chậm thôi các pro:)),,,
:)) gương mẫu chứ a,,,
T.Nguyệt Ng đấy 🙂 chỉ cod đi qua thoii nhé,,,
@Phu Nguyen bạn ng miền tây hả,,,
AE THẤY HAY THÌ CHO MÌNH XIN 1 ĐĂNG KÝ VỚI Ạ,,,
Hầu như các ca nhiễm bệnh toàn đi từ nước ngoài về nhỉ ??? Lúc mọi người về có nghĩ đến an toàn của bản thân cũng như mọi người ko nhỉ?? Hay não bị vi rút ăn hết cmnr,,,
Lê Nhân Trí Tín Lầy ghê con .,,,
Đúng là giang hồ vui 🙂,,,
"Bìnhh Tây's vậy mày nói hs là mấy đứa ko có trình độ ko biết nghe nhạc à , ko lẽ hs nào cũng trẻ trâu cũng ngu dốt DẸP CÁI THỐI GOM ĐŨA CẢ NẮM ĐI",,,
Trung như con CHÓ,,,
"Bé Châu đm dân chơi nhìn phát biết luônnn, bắt chước trend, nó ở cái tầm hihi",,,
Dũng tao nhớ hồi nhỏ còn gội đầu dạ hương cơ chứ đâu như bây h,,,
phân biệt ?,,,
Sao mình chưa được nghỉ học nhỉ,,,
Từ nay anh em ko được gọi bà gà nữa nhé kêu ba pro nhé =)),,,
không giải trí như anh Độ đây nữa!,,,
Cao Huy toang ông giáo rồi,,,
Làm đéo j có vụ đó. Địt mẹ ăn hết rùi chả lại vậy là song ak,,,
Nhìn mặt con chó này biết ngu rồi,,,
Cho ba vàng ngọc ơi hoàng cảnh em đang gặp khó khăn cho giúp em tì lòng hån tâm em man ơn suốt đời chúc chị sức khỏe tốt 0794975372,,,
Đào Mạnh An đọc hết bài viết chưa bn,,,
Đúng  đẹp,,,
Theo dõi FB chị nhé các em: ❤,,,
Không phải cha mẹ bé mà đau lòng quá . Cộng đồng mạng hãy theo sát để vụ này ko bị chìm xuồng cho đến khi tên súc vật này vô tù,,,
Nóng vầy mà cứ phải ôm ông già . Mệt mỏi vaiz ... Sói said :😂😂😂,,,
Nguyễn Thanh xin video bạn ưii,,,
Thanh Xuân Sơn Thi Gia Luật Mỹ Dinh haha,,,
Abe mua áo như này là chet con di me sela rồi =)),,,
#ERROR!,,,
"Muốn có 1 MV dc công chúng hưởng ứng, thường xuyên dùng thì tui thấy bài này ko dc dùng rộng rãi cho lắm. Nhạc nghe hay nhưng lời ko bắt tai để nghe nhiều và hát theo . Lời lần này hơi cao, ko có sức hút, ko dùng đại trà cho mọi ng hát theo dc. MV mới lần này ổn chứ ko phải là hấp dẫn đến kiểu gì",,,
Cà khịa :)),,,
:)))))) haha,,,
vs e abe chỉ đẹp gái thôi,,,
Du ma nhin cai mat  gian va co,,,
vv,,,
"Nhật theo TBCN thì bị nhồi sọ tư tưởng Phát xít ( may mà Phát xít là đứa con của TBCN sinh sản ra chứ ko phải XHCN :3 ), Nhật ăn 2 trái bom nguyên tử của Mỹ thì yêu thương sao được lúc bấy giờ! Ném trái lựu chết 2 3 thằng Mỹ bị tố là khủng bố. Mỹ ném 2",,,
Bé ba buồn :)),,,
Tịch An cùng quan điểm,,,
Vì sữa ở VN quá mắc !,,,
Phải hk z sạo z,,,
Abe sonic :v,,,
Ăn xong đừng làm bọn em sợ :v,,,
Như 2 giọt nước =)),,,
Hán hoá từ từ,,,
Lê Văn Quật bọn mình đều chờ thầy thực hiện,,,
Óc chó. Ngu do luyện tập hay bẩm sinh. Cái loại ăn cức lựa cục bự nói chuyện ngu đek tả nỗi. 500tr của riêng phan anh đọc đek thông rồi chu mõm lên sủa,,,
Hay đó phè,,,
"Sau những pha bê đê rồi bị bắt nạt,.... thì đây là lần đầu tiên thấy a độ đẹp trai cool ngầu vậy :))",,,
Sam nướng mỡ hành ♡♡♡♡,,,
Cô này là gia sư của tao nè,,,
cực kì thuyết phục abe 😄😄,,,
Cái dm dm dm,,,
"Kéo khoá sợ ""ngột ngạt""",,,
"""a ơi , e tỏ tình vs crush và crush bảo biết là e thích cô ấy nhưng cô ấy chưa nghĩ đến chuyện này ,tức là chưa nghĩ đến chuyện yêu đương, vậy e phải làm sao đây a, có nên đợi hay không ? "" hi vọng a làm video về câu hỏi này để e còn share đến cô ấy , e cảm ơn a , a độ idol ♥",,,
"chắc đéo đến mức ntn, nhưng chuyện ngoáy đồ là có thật.",,,
Đỉnh như tính cách anh,,,
coppy anh3 clmm tao rip chet me may,,,
Kẻ tổn thương lại muốn làm tổn thương người khác,,,
Cà khịa vãi nồi. Báo chí dạo này lắm phản động ah nha =)))),,,
Very good,,,
Ở không cũng đc fan cứng,,,
Bác Trần Dần trả lời câu hỏi cuối rất hay....rất sáng suốt 👍,,,
"Tôi vê thâm my , thât su mà noi , sua qua nên không con gi la tu nhiên nua , ma co thê noi là qua xâu ! thâm my môi bi lôi nên gio , trên khuông mat hê ai nhin vào thi nhin cai môi truoc không phai vi dep mà vi thây no lo cai xâu ra, cung do và nhin không co gi la thâm my ca nên ban nào truoc khi muôn làm thâm my thi hay nhin nhung nguoi sua qua dà giong nhu nguoi trên dây rôi hay suy nghi nên làm hay không ? nêu trên mat co khuyêt diêm thi nên sua con thây minh cung không co gi qua tê thi nên dê tu nhiên thi se hay hon",,,
Sao lại không đỗ xe gần vỉa hè mà lại hành hạ nhau vậy ? :V,,,
Vì là chị đóng nên em miễn cưỡng đi đấy nhé,,,
thực ra lấy cũng dc nhưng ko nên pót lên mạng :v,,,
Giày là cò tè Cao Bằng rách mõm limited =)),,,
vi trùng =)))))),,,
Đừng buồn Trung ơi đừng khóc đa có Sena ở đây rồi 😂,,,
lại nằm đất rồi,,,
Thêm cả giàn nhạc tang kèm remix nữa cho vui tai ~~,,,
Xin fb nghệ sĩ Trần Tiger để follow,,,
đậu má thằng xuất bản,,,
Kien Ne Bạn nói mình hả :((,,,
Mấy anh làm em nhớ đến tuổi thơ vs những tối mất điện lỉnh khỏi nhà đi chơi trốn tìm vs mấy đứa bạn :3,,,
Ai đây abe,,,
Thay vì ghi cực kì thuyết phục thì có thể ghi bằng dòng tâm tư mhacs,,,
Thằng xamlol. M k dùng hay dùng thì t care à,,,
Con này hổn Như gấu có gì mà ngưỡng mộ,,,
Lê Phương Linh ê lại nghỉ k hồi kết đấy. Vừa lo qua đh vừa k dám qua,,,
Pháp sư Trần Cọp khỏe mạnh là mọi người vui rồi 😊😊,,,
Nghe có vẻ doraemon nhưng rất nobita,,,
"già rồi bà già . bớt cái mồn lại tính chuyện đất đai nằm ở đâu và đi về đâu đi bà già . trẻ trâu làm gì nó làm, mình già quất cần cẩu rồi mà tào lao.",,,
Đó t nói có sai đâu,,,
Dân việt chỉ cần clip xxx và bóng đá vn là đủ.còn mọi việc bán đất bán biển cứ để Đảng và chính phủ lo.,,,
Có tìn mua cuốn này về đốt,,,
Yeu thay,,,
Done!,,,
Nguyễn Phi Long Khanh Huynh Lan Anh Nguyễn Alexander Lanheder Mều Mắt Hí Lý Hoàng Huy chết đỉ mẹ mài chưa con =)))),,,
Má ơi.con nha ai xinh thía ❤❤❤,,,
Sếp nhà người ta giống sếp nhà mềnh. Chayo,,,
Đm nhái thg đây rồi...hình này năm nào mNguyễn Tâm,,,
lại bị cà khịa kìa anh :))),,,
cả ngàn đại biểu QH qua 6 năm vẫn không thông nổi cái luật biểu tình dù nó có sờ sờ trong hiến pháp 2013 ! trong khi đó lại vung tiền làm trò mèo hù doạ nhân dân !,,,
Cai mieng noi ra hai chu tu bi ma noi nang vo duc wa.,,,
Khá bẩn=))),,,
đang về rồi ạn êi,,,
Nghe đoạn đầu thì em lại ngửi thấy mùi đam anh ạ,,,
Thầy ơi làm giáo án susan đi thầy 🥴,,,
Dm nhìn quả tóc cười vl. Mặt Tùng sói ngơ như kiểu đ hiểu bố mình làm clg,,,
Hài hước nhất năm,,,
Ăn tết ngon hay ko là do con mẹ. 😂,,,
Đặng Diệu Minh Đà Nẵng kìa em,,,
Xin chào tất cả các bạn hnay tôi sẽ làm vlog đưa ông già đi ăn cua khộng lồ nhé :v,,,
"Nững chất thải này là ""an toàn"" và đã được ""cấp phép"" rồi nhé :v",,,
Nhà xuất bản SỢ THẬT,,,
Toàn giáo án lủng mà cứ dựng lonnn là sao=)))),,,
Thanh Truc vô đây nj quần què xịn quá🤣🤣,,,
Hết nhanh như chớp h qua thách thức danh hài :)))) thầy ăn nhìu giải nhỉ :0,,,
"Người Miền Tây mình rặc ri vậy đó mọi người,nói gì nói ai buồn thì chịu.Cô Duyên quá",,,
Cho mình xin video vs bạn ơiii!!,,,
Mi Phạm giờ này chơi luôn nè,,,
Cô Chi đẹp quá à Đi đường quyền,,,
V im lặng đi. Than than cái j,,,
ma ba oi,,,
Mai Linh Nguyen đòi qua ngó này :)),,,
Ơ hay,,,
Da con chao co,,,
Phan VĂN Chương Hôi lông có cái hình đi đâu cũng đăng,,,
Cc abe,,,
Cho mình xin fb chị ba,,,
ảo tưởng vãi lồnn,,,
Cảm ơn ngài phó thủ tướng nhưng có vẻ nhân dân tự ý thức được rằng trận chiến đầu chỉ ở trong một tỉnh còn trận này thì ... :')),,,
Qua roi a chau oi coi cuoi ret dau bung qua,,,
"Duoi quê em có hoan Canh cô này rất nghèo cô 58 tuổi mà đi khiêng đất muốn, ngay co 50k.  Ỡ nhà trôi  che miệng cao su . Mới thằng luong e ít nên e cho mọi thang 500k  hoặc 200k.  Mong chi cung em giúp ba  chút ít cung được cảm on. Chi mong dc phần hoi của chi  cảm on ạ",,,
"VFF đang bận công chuyện rồi, thiết nghĩ năm nay mà bóng đá nữ mà giành vàng thì chớ có cho mấy lão VFF đi nhờ chuyên cơ để ăn hôi như kỳ Seagames trước =))",,,
Ruby Bé Nhỏ ai ngoáy mũi ở tường kia 😂,,,
Chi là ba Con voi linh ha. Sao thay giong wa,,,
Hà Văn Hoàng vô lí nhưng rất thuyết phục🤣,,,
Dm!,,,
"Việt Nam có thể là trái banh do Mỹ và Trung đó qua đá lại,  mình phải tỉnh táo,  nghiêng phe nào cũng lệ thuộc,",,,
Ok a trung,,,
@Phan ngô kệ cđm mày nói tao làm cái lồn j tao chỉ muốn nhắc nhẹ thôi tùy mày 🙂🙂,,,
Em chao chi. Chuc chi luon xinh dep tre mai ko gia 🌹🌹🌹,,,
Chúc gia đình thầy ba 1 ngày 20.10. Và cuối tuần vui vẻ,,,
Cũng là do tự mình chuốc lấy.cà khịa người ta làm j giờ ngồi khóc,,,
Thuyết phục,,,
Ah Minh Tuân là e ah BLV Anh Quân hay sao giống v,,,
Xàm quá có tiền mới tới đó được chứ làm ko,,,
Thành phố ngay sau công viên cạnh nhà tôi🙂,,,
Em muốn nói với anh,,,
Yêu nhau bao lâu thì cưới :)))),,,
Vo Tuan Anh đéo hiểu kiểu gì,,,
cho cho cho cho cho,,,
Bcuoi quả cment hàu sống vắt chanh =)),,,
"Ông Trần Dần nói rất chuẩn ....! Là người Việt Nam 🇻🇳 thì phải yêu thương nhau, lo cho đất nước giàu mạnh để sánh vai với Singapore 🇸🇬... Bầu ơi thương lấy bí cùng tuy rằng khác giống nhưng chung một giàn...!!😍😍😍😍😍Cháu rất đồng cảm với BÁC",,,
thằng này nó chơi với tiến bịp hay sao mà nó lại k xanh chín thế ông nhỉ :)),,,
Nguyễn Hân m sl qía,,,
May quá idol của tao vẫn chưa  dương tính,,,
tr ơi nhìn thầy giống con póng quá à.,,,
Đào Thị Thu Hà ok ?,,,
Nát từ trên xuống. Hỏi ai ra cái quyết định không được trinh sát đó?,,,
Nghe rất hư trúc nhưng lại là mộ Dung phục,,,
Tronh suy nghĩ được thế... nhưng mà phải lớnnn lên :))),,,
fighting !,,,
Á à chất đấy,,,
"Đi chăn bò cần cái roi thật to bò ko đi ta lấy cái roi t chọc đít bò, bò đứng dậy đi luôn ;)))))))))",,,
Lâm Đình Khoa Được anh nhá,,,
Mot tup leu tranh hai trai tim vang :))),,,
máy ảnh đúng rõ nét :v,,,
gáy lên,,,
Trông thầy giống bê đê vcl :))),,,
?,,,
ý thức của chị Nhung còn thua điểm lí của em,,,
Bố lạy mày. Những bài hồng nhan bạc phận sóng gió ko hay ah. Nên nhớ lúc sơn tùng ra bài hãy trao cho anh cùng với thời điểm sóng gió ra hỏi những người có gia đình thích bài gì nhất người chọn bài sóng gió nghe chứ ko bao giờ nghe bài sơn tùng.,,,
chẳng ra gì?,,,
Hoa Pham khi nào gặp cướp nhớ làm theo chỉ dẫn trên này nhe mày. Đụng khơi khơi vô nó là ủ tờ như chơi đó ku :D,,,
Minh Ngô hoa đâu đẹp dữ à 🤣🤣,,,
Luke Nguyễn 88 bảng mặt nó ko bằng lông lồn của ngtrinh nữa kk,,,
khôn như ma :),,,
tất cả đều do dân vì dân tại dân...hiểu vậy đi!,,,
Cùng một lỗ đẻ ra và ngu như nhậu,,,
a hihi lũ chó lợn thích thủ dâm ở đây nhỉ,,,
"Sợ dịch thì ngồi online vô nhóm này tham khảo làm đẹp này, sợ gì corona",,,
Bao Binh lương tôi từ 1tr6 lên 3-6-8-12 giờ lên 22 đây. Trong 6 năm cố gắng đó trời. Có ý chí xíu nào...,,,
Như lol thầy ơi,,,
Hà Chang. 😆😆,,,
Giáng sinh an lành 🤣🤣🤣,,,
Giàu thì ở nước ngoài mà chữa bệnh đi cứ cái gì cũng lôi về VN :))),,,
Nguyễn Hoàng Sâm lồnnn Sâm,,,
Huyền Phạm bố lạy m,,,
Ba sạo lồn thì có,,,
"E trai của cô đang ở đài loan ,chị kia bán quần áo, e trai cô thì chốt đơn cho chị kia nha mọi người ...",,,
lÂu lâu đc vắn mà gáy khét quá ông giáo ơi,,,
Con của cô kim ák 😂😂😂,,,
Má nghiệp ghê,,,
Pr vc tộc trưởng ạ,,,
Phạm Văn Lộc đúng là giang hồ,,,
Ủa thân nhau lắm mà... 2thang này 1 phe,,,
sao mọi người không ai đuổi tụi nó đi ?,,,
Câu truyện nghe cũng rùng rợn phết mà sáng tác thành bài nhạc vui vđ.giờ mới biết,,,
ít nhiều cũng phải như tq tuy tôi đéo ưa TQ nhưng nó lại dám làm việc đó là chống tham nhũng và hiện tại rất là hiệu quá.kể cả cấp trên chỉ sau mỗi tập cận bình vẫn bị bắt giam vì tham nhũng.,,,
"Dịch bệnh sao mấy người cứ thích đi du hí, làm tâm điểm của ánh nhìn vậy!!",,,
Chi ba vui ve chuc chi phe đep,,,
OK luon Minh Tuan oi .,,,
Chào mừng bạn đến với chuyên mục : Cười cùng Mixi 😂,,,
Thời gian là thứ vô cùng tàn nhẫn,,,
Trong khi cả nước đang cố gắng chiến đấu với bệnh dịch thì 1 số ng vẫn ko chịu hiểu tầm quan trọng của sự việc.,,,
Huỳnh Việt Trung ỉa xong là xanh sạch đẹp nha kk,,,
dễ thươngggg quá cô yêu ơiiiiiii ❤️🥰🥰🥰,,,
"Cường Nguyễn chuẩn, nghe k để lại ấn tượng gì :)))",,,
sao bảo người nhật sống rất khoa học,,,
"Các bác nói vậy là ""gây tổn hại cho đất nước"" .... :v",,,
E nói đùa đấy,,,
PhoBolsaTV helo đồng chí Trần dần,,,
Các idol thật là thông minh,,,
"Phim ca ngợi Đảng, ca ngợi TQ.",,,
Chi ba bi ngao đa ha chi 3,,,
Xin video đi bạn :v,,,
Phước Hữu thì ra là Phước đú trend😒,,,
Cạo râu đi chị ba,,,
Bảo Tín a chụp ảnh chó con đi,,,
Tượng ổng chết dịch rồi 🤣,,,
Ở mỹ mà nhìn như ăn mài nhìn ghê quá,,,
"bố nó làm to, mẹ nó làm bự",,,
1 chế độ minh bạch tất cả = nhân dân hạnh phúc,,,
có thằng chê ông già mình sống cá nhân kìa =)),,,
Mới xem nhìn thấy cưng qa chị,,,
Nghe bảo người Nhật ý thức lắm mà,,,
Anh nói bậy có bị khóa môi bao h chưa :)))),,,
"😂😂😂 dân nam kỳ nói chuyện là cưng hà,chửi cũng cưng",,,
Ma ba vang ngoc con kho lam ma ba oi,,,
"có liên quan chứ thằng ngu, đóng thuế môi trường cao mà khí hậu vẫn ô nhiễm , do chính quyền quản lý xử phạt yếu kém nên bọn xã thải mới lộng hành, tiền thuế thì nó ăn hết, k phục vụ bảo vệ môi trg",,,
Ảnh từ năm truocs,,,
Rình mồi,,,
Có nên tag crush vào đâyy để tỏ tình khôngg???,,,
Đúng mệt : v mà em cũng mệt với bọn sống nhanh chậm vãi cả lồn =))),,,
"@Nguyễn Tất Linh hahahah, mới biết b ơi",,,
Sói said: Đấy mới là ông già nhà tui chứ =)),,,
Nay toyy sẽ dắt ông già mình về quê chơi các bạn ạ Tùng said,,,
Méo biết hát cái h,,,
Cố mỉm cười nhưng lòng chẳng được vui :))),,,
Phạm Hạnh đm 2 năm r vẫn bị đào lên:))),,,
Tae Yul nghiệp :))),,,
mấy sinh viên ăn chơi cẩn thận ...uỵch nhau coi chừng sập nhà đấy !,,,
Kkk mấy ông củng ham rẻ tui k xài thôi chứ xài zô siu thị mua cho chắc cú,,,
Coi lần thứ 5 🤣🤣🤣,,,
chuẩn giá án rồi,,,
Hợp lý anh ưi :'),,,
nói bé bé thôi k chúng nó bảo phản động bây giờ,,,
Do em ko biết chơi em cần bán !!,,,
Sao căn vậy,,,
"@Chiến trần Vì chúng ăn phá.  Chúng làm xấu mặt nước nhà nên gần 50 năm mà nay phải ngồi chụm củi, đốt lò.",,,
Gởi thầy ba,,,
Nguyễn Hiếu hàng 1 1 với fake là 1 chứ khác biệt lz gì đâu =))),,,
tức tui á 😖,,,
Hợp lí !! 🙂,,,
chán các e của a,,,
"Mấy tụi DLV hay nói đu càng này nọ. Nảo chúng bị nhồi nên úng rồi. Thật ra đu càng đâu dể. Đu càng tốn cả triệu đô. Chỉ có ở tụi quan lớn tham nhủng. Chứ bò đỏ ấu trỉ umê bưng bô lương ba đồng làm gì có cửa đu, chỉ biết làm chốt thí..ha ha",,,
Coi phim hậu cung nhiều quá sản luôn🤣🤣🤣🤣🤣🤣,,,
Đi tìm nó đánh chết mẹ nó luôn chị,,,
HAi con ăn hại nhưng lại là quái thú nên ...,,,
Mẹ ơi . 1 tỷ như dẻ lau ... của chị . Từ bé tới giờ 100 triệu còn chưa cầm đc huống gì 1 tỷ . Người làm dư của kẻ làm chẳng ra 😁😁😁 khi nào mới đc như chị,,,
Hoai Tam Truong sời :)),,,
"Hết bê đồ, đóng đồ để ship, xong lên ngồi câu donate cho ông già, giờ ông già đi thái còn phải stream cast ao làng cuối tuần luôn, nhà này việc đéo gì cũng đến tay tao!!: Tùng Sói said",,,
Xin video bro,,,
cái đệch nó nhét tiền cho lòi họng rồi,,,
Thằng trọc Mác -Lê- Mao. Núp bóng nhà Chùa chứ tu gì ... nó viết bằng chữ Tàu hoặc của Buồi Hiền thì không ai nói. Đây chính chữ Quốc ngữ nó đã học và nói nơi cửa miệng .,,,
T. Hải sợ vll,,,
"Con, này, ăn,cuc, cả,thoi, giới",,,
Chao chi 3 chan that,,,
Cực kì thuyết phục ~~,,,
Abe dính lời nguyền à??,,,
Nc ngoai trc khj toi diem camera ban toc do tam 500 met co bjen bao nhe,,,
Học sinh chuyên toán ở Bản đấy :))),,,
Vũ Ngọc Bích Thuận ?? Chắc chưa,,,
được lắm,,,
Mà vào tnhắn a hỏj,,,
Chắc có mỗi t thấy bài hát này ko lọt tai :))),,,
Vn mjnh qua nhjeu luat an tien dan...😪,,,
Vô văn hoá,,,
Huỳnh Trà,,,
Rồi m sẽ hiểu ra thôi,,,
"Haiz, ớn mấy cha Việt Nam!",,,
Thánh chuẩn luôn! em cũng nghĩ thế],,,
Cảm giác như muốn ịa trong quần Phan Thùy Trang Anh Lam Trần Khải Kỳ Nam Qui Marion Ton,,,
haha vĩnh thâm kim,,,
Rất gì và lày lọ :>,,,
Nam mô :))),,,
Nguyễn Cẩm Hường thuyết phục🤣🤣,,,
"Nói chứ nó rẫy chết mà tại chưa thấy thôi , nó giấu đó , một thanh niên cuồng cộng cho biết :))",,,
Nứng,,,
Cảm ơn những anh hùng thầm lặng như vậy,,,
Mini Tae dơ vcl,,,
Trần Vỹ 😁😂keke,,,
Cũng hợp lí🤦‍♀️🤦‍♀️,,,
Tươi lên nào 😘❤️,,,
K-ATM Cao Lãnh : belike,,,
Cùng một dòng sông,,,
Em cần tìm đối tác đi đấm nhau vào chủ nhật tuần này. Đứng cho đông đội hình thôi ạ,,,
Quy Dương học sinh lúc này,,,
Chơi hay nghỉ đây 😴,,,
tui cũng ko thích bài này lắm nhưng cũng ủng hộ đc 3 view rồi :v,,,
Đôi lúc trong lòng đầy tâm sự nhưng biết nói cùng ai và hiện tại cũng thế,,,
"Thêm bọn ko não nữa, nó còn trùm hơn cả phụ nữ",,,
Vũ Thanh Huyền Vậy bạn đã làm đc cái con cặc gì lớn lao để thể hiện tình yêu nước của bạn chưa?,,,
#ERROR!,,,
Nguyễn Hiếu yz700 😌,,,
Ba chào các chú di con🤣🤣🤣,,,
"Thằng mặc váy, bởi vậy hơn thua với đàn bà ra mặt 😂😂😂😂😂",,,
Iphone lúc nào cũng có những tính năng vượt trội hơn tất cả !! Nhưng dù trải qua rất nhiều thời gian thì cũng không cho quả táo lành được :)) cứ cắn dở là thế đ nào hả Bạch Tuyết,,,
6 tiếng cho 1 quả đầu vì quá đông hiu hiu,,,
Nguyễn Thành Lý ổng mà thấy là ổng đuổi học m đoá :)),,,
Dũng kìa Thắm,,,
Rất chi là việt nam . Trách nhiệm ư . Dạ em xin kiểm điểm rút kinh nghiệm 😏ạ,,,
Abe bucu,,,
mưa gió nhhir dell họp,,,
Tui cười ỉa ghê đó,,,
Nguyễn Vi Vân dờ còn tết nhất dì như ngày thường hết đi hè,,,
Đán nhau đi rồi ôm nhau khóc,,,
0376500640 số cua em,,,
Co ai nói chị xạo quá không,,,
Có hút mỡ bụg k ạ....bnhiu tiền c ơiii...,,,
"edit xog xem vui hơn bản chưa full , iu cô , iu anh edit 🙆🏻‍♀️❤️",,,
Xem muon ỉa vào mặt con tạ bích loan vs thang lol thanh dm tui no sủa như chó,,,
Hằng Hằng m thích kiểu nào🤣,,,
Hung Nguyen,,,
"Hồ Viết Thắng nên đi khám tâm lý,",,,
"Tao đéo phải đảg viên nhé, nhưg côg ty tao có khoảg chục đảg viên, họ phải nhai lưg ra làm chứ có đéo ai gánh đâu mà mày bật auto ""90 triệu gánh 4.5 tr đảg viên""",,,
sủa sủa sủa 🐕,,,
"Lê Nguyễn Phước Vinh tất cả giải đấu ở Đức cũng sẽ không có khán giả đến sân, Ý và TBN cũng vậy",,,
e đi trước thời đại nè! trend này e làm mấy năm nay rồi 😂😂😂 Thanh Ngố,,,
Con này hỗn quá.,,,
Đây là C các bạn ạ. Bạn nào thiếu C có thể ăn cái này nhé. Cái này tốt cho sức khỏe mà :)),,,
Hoàng Công Minh nào 123 dzô 😂,,,
Chuẩn qua,,,
Cô duyên quá ❤️Ai lớp du chu cà mo 🤣,,,
Bà nầy lên nói kg biết nói chơi hay nói that nủa,,,
Cười muốn xạc luôn,,,
ăn trên đầu trên cổ😅,,,
Duy Trần xin ké,,,
Xin video vs bạn ^^,,,
Sắm chiếc vòng tay em bán nữa là chuẩn nha =))),,,
"Thùy Trang t công nhận cũng không hay bằng mấy bài trước, chắc tính cách tân giai điệu bài hát",,,
"vcl !!! nat, nát",,,
Nhiên An miễn phí em ạ ! Em lo quá,,,
mối quan hệ không đầu không cuối là tình không tuổi à mà các ông bảo vệ ghê thế.,,,
Mấy anh mua đã tốt. Đằng này mấy anh thu về cho con mấy ổng chơi. Ko phải mất xiền mà vẫn có quà trung thu. Mấy ông khôn thật.,,,
sung hôn mà lên e,,,
Ò,,,
"Ngoc Ngoc má ư, chắc mua áo mưa mặc đi cho chắc quá",,,
"đjt mẹ dẹp dẹp hết , yêu đương lon gì h này đau đầu vlon",,,
Lâm Đình Khoa kk,,,
Hay lắm cô ơi,,,
Nhật Linhh khẩu trang đang thiếu bạn ạ mỗi hành tinh 1 cái thôi,,,
Truong Phan jack của cưg ghê chưa,,,
"Chẳng qua là ghen tị với người có tiền! Hèn bỏ mẹ chứ có \""sang \"" lên được tý nào đâu mà chê! Người ta sai thì hãy mở mồm!",,,
Chi 3 nói rat dúng. Vi chi 3 toan di lua gat nguoi ta de lay tien.kkkk.,,,
"Nhân quả báo ứng không bỏ sót ai, tích đức gặp thiện, ở ác gặp họa",,,
Gâu...,,,
Có chở thiệt mn ơi. Mà hk phải vàng đâu.. mà chở bom với mìn cho cả nhà bà nổ,,,
Thương cô lắm. Lạc quan yêu đời cô nhé.,,,
Chị ơi em thấy chị quá tuyệt vời nhất 0916821405 em ap,,,
Do lau nhà nên nỡ sàn đó ...haha,,,
cần gì phân biệt Thầy giá ba với Baroibeo làm gì trong khi cả 2 đều rất đẹp trai ?,,,
Trần Linh trend của e ... dễ bị cách li lắm 🤣,,,
Chất thật sự,,,
Tuổi trẻ em chưa có anh nào ngó nhé,,,
"Thối nát quá rồi,ai cuồng + vào chống chế quả này xem ?",,,
Giàu thì nói gì cũng được chị ơi,,,
Vừa giàu lại có nhận thức tốt còn gì bằng :)),,,
Có mình hieu oi oi có duyên lắm,,,
Nghe có vẻ vô lí nhưng thuyết phục,,,
"Tao chửi không phải vì tao hung dữ, tao chửi để cứu nhân độ thế, giúp đỡ chúng sanh",,,
"mỗi ngày gần 30 người chết, éo biết ngày mai còn sống để ăn mì gói nữa ko mà ở đó chờ đến 60 tuổi -_- lỡ may chết đi éo biết tụi bây có trả cho nhà t ko?",,,
Bán Nam bán Nữ,,,
"Ông này nói bậy nhiều lần , máy năm về trước tiên đoán Cs sẻ giải thể để cho họ Đào lên thế vậy mà bây giờ cũng còn dám bố nữa. Chắc dịch bệnh nhiều quá quần lót khan hiếm khó mua cho nên không thấy ông ta trùm cái mặt lại",,,
ホアン ラム・ ibx nha hehe,,,
Đỷ mẹ,,,
"Khong nha khong cua khong tien khong bac tron mot thoi gian gio moi xuat hien ha em Hong Mai, suot ngay co chieu cho card dien thoai roi keu may em trai show hang.",,,
Thà im lặng còn giữ dc tình bạn. tỏ tình xong thành 2 người dưng,,,
nhìn bọn có ny chụp ảnh với nhau :))),,,
Chửi duyên dễ sợ,,,
Nice,,,
Vay  con  ngheo  cho  con  10tr mua  gao  chi  oi,,,
Sống chậm lại các bạn,,,
Tất cả cũng chỉ vì chữ tiền :),,,
yes,,,
Clear gầu clear luôn cả chuỗi,,,
Trung La Hán,,,
Xin lỗi em vì đã yêu em trong thời điểm kh có gì trong tay.,,,
"B52 ơi, Bé hư lắm nhaaaaa =)))",,,
"Hoàng Dương bạn k thể quy chụp những thành phần thiếu ý thức đó là dân VN được bạn nhé, nạn trộm gà vẫn đầy chẳng qua là do thiệt hại của nó ít với không dã man bằng thôi bạn ạ.",,,
An Ngô,,,
thuyết phục thực sự,,,
Quốc sư Cali là đây,,,
"Draagon Tyni chuẩn,thật sự bài này k hay,nghe đc nữa bài tắt luôn,thôi thì hi vọng bài sau ok hơn",,,
chuẩn mẹ rồi. Mạng vô ko đc đúng ức chế,,,
Dân InDo thật có lẽ bọn fan ủng hộ chứ jack hát kiểu nhạc buồn hay hơn mong đợi sản phẩm như là đom đóm,,,
Ngọc Hào ghi nguồn dô,,,
:v vậy muốn giết ai đó chỉ cần đi làm dân quân và có 1 tí tiền ! ở 2 năm là ra thôi có khi ân xá ra sớm !,,,
thặt là tốt bụng:)),,,
Tao chịu status này đó AD tụi dlv nghe nhột ko tụi bây kaka,,,
Chúc mừng abe nhá,,,
Tiến Dũng =)) ghét đéo đâu haha,,,
Học sinh xuất sắc =)),,,
Có cl,,,
Thầy ba quang game ghê quá...ra là chết đầu,,,
"Bị dụ mà, giờ mới khôn ra hơn trước chứ",,,
Huyen Huyen ừ. Xét nghiệm lần 1 âm tính rồi. 😂,,,
tặng abe cái nà,,,
Lại từ NƯỚC NGOÀI về,,,
Hoàng Lê Bảo Trân mình bảo nhiều tiền quá kb làm gì nhé b 🙂 chứ mh k nói là ép buộc phải đi làm từ thiện 🙂 b đọc kĩ hộ mh nhé =)),,,
Phuong Anh Pham không ổn r bạn :(,,,
<3 1 triệu sub cho abe <3 Đồng hành cùng em sau bao ngày cà khịa thầy <3,,,
Đình Quang cx đúng nhưng nó sẽ làm ta nhận ra rằng bản chất của ng kia rõ hơn,,,
Nào chưa có vợ thì sao dỗi vl,,,
Tưởng NTN nữa chứ hết hồn à,,,
Này của anh ba luôn phải không? Hay của thầy selaaaa :v,,,
thầy nhớ mang vinh quang về - nghệ sĩ hài hước clm,,,
Ae sống chậm thế :),,,
"chỉ có ở vn, thiếu vật chứng thì... đi lượm",,,
Đr bạn,,,
Dương Tiến Đạt đến con người vs con người bạn con phân biệt vùng miền. Ấy thế mà đi thương con chó.,,,
Nguyễn Tùng đầu trọc là k có xinh đâu,,,
"Đây là Táo Liên Quân, còn năm nay sẽ có Táo Quân vi hành diễn bên CH Séc, ở VN sẽ thay bằng chương trình khác cũng do Đạo diễn Đỗ Thanh Hải làm.",,,
May quá mình có fan cứng nhưng kb có đc ngẫu nhiên k :)),,,
Gái còn trinh mà cây đinh đứng xững,,,
"😂😂😭😂😂 .Ông già ,nhưng đg quyền rất dẻo....hahaaaaaa...👍",,,
Ngon đú!? 🤣,,,
Thể loại quần gì đây.,,,
như ý ad đây,,,
Thối nát,,,
A3 bị chúng lời nguyền rùi,,,
Hôm nay cũng là xức sắc luôn :)),,,
Number 1,,,
Nguyễn Thành Công Nguyễn Đức Tú :)) vẫn tấu hài,,,
Tôi đang xem cái gì đây trời.kg đủ can đảm để xem tiếp nữa.chạy nhanh ra thôi,,,
T k care lắm :)) Cảm thấy chán hơn mọi năm nên chả muốn xem =)),,,
Vô khoe fan cứng 😆,,,
Trông chán không😢,,,
Đéo thể tha thứ được 🙅 càng nói càng xạo quần,,,
An xuyên nè,,,
Bomman chấp nhận thua r,,,
"Ông ý là quan nên đc lính mời nhậu nhiều chẳng mất tiền nhậu bao giờ sao biết 2,3 bữa đc",,,
Linh oi mày đừng về cần thơ nữa,,,
"chi chui nhu vay con cai chi nghe,toi kg biet chi se day con nhu the nao?Chang le cac chau cung se noi got nhu me.",,,
Huỳnh Châu chết Thầy tui,,,
Kiên ăn đc hải sản tưởng hay 😏,,,
Giờ này mí thấy đổi ảnh. Trend hồi sáng tới giờ,,,
Hồ Thị Trúc Phương uak..khoảnh khắc huyền thoại ra đời 🤣🤣,,,
đoán xem,,,
Kien Ne bố jack cmay mới nổi đc năm thằng thánh nện kia n nổi lâu rồi k có cty thì tuổi cẹc mà nổi đc như giời ngồi mà lo tr thế giới lo mà ăn vào mồm cho no ấy,,,
Vinh lũ lụt hả. Sao lại gửi tiền cho mấy cái giáo xứ vùng đó k lũ nhỷ :-D,,,
Nó dui gần chết. Clip này là cười xĩu luôn á,,,
Cực kì thuyết p.....,,,
Vì thầy xạo lol nè,,,
Vũ Đạt rất chi là tốt =((,,,
Abe đang ở HN nha ae 😂😂,,,
Khổng Mỹ Duyên nó lại hợp li vl🙂,,,
sức hút,,,
C dep gai ma noi bay wa ah,,,
Đcm cái loại giả đạo đức khi ko được giáo dục,,,
Xin phép hỏi có phải bác Trần dân sinh 1926 nếu đúng bác có được sức khỏe quá tốt,,,
Thương Hàn Quốc,,,
Danh hài hải ngoại được yêu thích nhất tại VN.,,,
Ho xuan xuong dong ho tien ty,,,
Không biết mấy bạn gì hay vô hỏi ad nguồn ở đâu? Xác thực chưa vậy gì gì đâu mất tiêu r ta :)),,,
Nguyễn Tài clear núp duói bàn đánh,,,
Deo vang bong khg vay me bong bu cat cho,,,
Nghe vô lý nhưng vẫn rất vô lý mà lại thấy thuyết phục,,,
Mày coi chừng đó chồng mày làm ơ đại bắc đó may đừng tưởng ko tiềm mày đc nha .khỏi thách thức đi con,,,
Đề nghị nhà báo vh lân phỏng  vấn danh hài ngô kỹ,,,
Akatski Akashi Nói đúng với nói thật thôi chứ có gì đâu mà anti? Bộ anti đéo có não hay gì mà chuyện vậy cũng nói cho được?,,,
xạo lồn sương sương,,,
Tất cả hãy dừng lại =))) Nguyễn Ngọc Dung Trương Ngọc Linh,,,
Nút vàng chắc ổng để wc nữa 😂😂😂😂,,,
Nó ở cái tầm,,,
còn bạn giúp người bằng bàn phím,,,
Huhu cô của con đẹp quá mà dễ thương quá trời luôn 💋😘,,,
Thế chắc nó mới đi hút cần với mấy con mèo hàng xóm đấy anh =))),,,
Giờ t mới thấy Thanh Dat Nguyen Trâm Anh,,,
Vâng chỉ có ở VN.... 1 đất nước tự do ngôn luận là thứ xa sĩ.... vãi VN...,,,
Sao khoc loc di chua nao o dai loan ma chua con nay vay tfoi,,,
Nguyễn Sơn thiếu số nhỉ có số thì lại đẹp,,,
"Chũ doanh nghiệp này quá cứng cựa, phải",,,
Cực kì thuyết phục 🤪,,,
Vạch,,,
Nhị Thắng Chó Said: giận cá chém thớt mạiiii ><,,,
địtmẹ bọn dân đen như các ông thì làm gì...đau đầu thực sự :))),,,
Đường tank hồi còn trẻ,,,
Đức Thịnh a buồn trên nỗi đau người khác 😌,,,
"Anh thâm lắm. Anh nói nghèo khổ có nhau, chứ có nói giàu sang có nhau đ đâu. Đẹp trai lại nói đạo lý biểu hiện sdtpcmt 🤣",,,
Công nhận anh Lân chơi toàn đòn hiểm thôi . Tôi ngưỡng mộ anh cái câu : 9 năm sau anh ở đâu . Có lẽ ông ấy không dám trả lời bằng sự thật .,,,
"ông chỉ là phương án dự phòng cho nó thôi , những con như vậy ko xứng với ông đâu , chỗ ae khuyên thật bỏ nó đi mà làm người , còn nhiều đứa tốt hơn nó , yêu ông hơn nó đang đợi ông tìm thấy đó :((",,,
"Hàu biển OB này thấy quảng cáo nhiều, dùng có hiệu quả thật không?",,,
Ry Noah ủa đi làm thấy bà chứ ở đó mà ở không 😌😌😌,,,
song cham lai,,,
hí anh em,,,
Nhầm kênh,,,
"Mình khoái câu ,trời sinh ra tập sao lại sinh ra quốc sư trần dần ,trời phật phù độ cho ông khỏe để còn lên sóng nghe ông",,,
Mới ngày nào thôi... Chúng mày chửi nó như hát hay... Có thằng nào trước chửi Jack hôm nay vào đây bình luận như 1 fan trung thành không 😂,,,
rất thích gia đình nhà chị này,,,
Đù nhìn giống ba tam kê đội tóc giả vl,,,
Thần quyền ghê quá tao chạy trước 🚀🚀🚀🚀🚀🚀🚀,,,
I love you Chu cò mo,,,
Cô minh hiểu là số 1nha.,,,
Tới cảnh cô Minh Hiếu nhạc lên gắt vl 🤣,,,
Không có k-icm kém hay hẳn,,,
"Với tình trạng người dân dọn dẹp nhà cửa trước tết đang leo thang. Tôi đề nghị các ban ngành, cơ quan hữu quan phải có biện pháp cải thiện tình trạng bằng một số hình thức như tuyên truyền, răn đe, thu thuế môi trường thật nặng cho những ai dọn nhà cửa nhân dịp tết đến xuân về",,,
Việt Anh đi đâu cx thây,,,
Chuẩn mẹ rồi :)),,,
Nhanh chậm cmm :)),,,
:))) đó là lúc mà con tim tao không còn cảm giác gì với cs này,,,
Nói thế cho nó vầng :))),,,
Vũ Hậu ui khỏi ăn luôn vì nhìn em k biết con nào là con nào :)),,,
Đéo nào đoạn đánh răng tởm vl mà lâu vc😂,,,
Quỳnh Anh k làm luật sư ở đoá à =)),,,
sao phải khổ gj con corona nay. do thăng trung cộng no gây ra oán hận nó qa,,,
uh,,,
Nguyễn Quốc Vinh SuBaSan,,,
vcl,,,
Bên xứ dân chủ nó nghe lén điện thoại mà có ai bảo sao đâu 🐧🐧🐧,,,
HN còn bận chữa cháy chung cư,,,
"Chinh Lee mùa dịch khó kiếm show, thử lần biết đâu sau này đời lên hương bạn eii 😌",,,
Co môt thu Tương luc nao cung nghi vê nhan dăn như văy lam cho nhưng ngưoi dăn Viêt Nam răt yên long . Pho Thu Tương Vi Dai,,,
có cứt,,,
Châu Châu thích thực sự,,,
"Khùng quá thì đi chết sớm cho đỡ mang khẩu nghiệp mẹ ơi, già sắp chết ko lo nghĩ ngơi cho khỏe, suốt ngày lên xàm lồn cho chúng ghét",,,
Xuất sắc từ vị trí anh Độ,,,
Tam kê gáy :))),,,
Giờ này ai uống nửa?,,,
"BiẾt thì làm gì hả lũ ngu. Ngoài biển đảo đọ súng, bị tàu khựa nó bắn là chn xảy ra như cơm bữa. Ngon thì vác súng ra mà giữ đảo :)) xem có dám ra không",,,
Thế thì cháu cũng chịu mấy chú luônnn,,,
Hoàng Quản nà như nào hả ck :o sao đọc khó hiểu thế,,,
Nhìn tùng sói men vd 😗,,,
Con iu cô hiếu 😊,,,
oke anh êii,,,
Hoàng Xuân Tâm Tùng đi ỉa lúc mấy giờ bạn biết ko sao mà ko biết nó dùng lồn đi cmt dạo,,,
Ủng hộ Abe nào mùa sau thi đấu cko skt,,,
Chị ba này là đàn bà thiệt hay đàn ông vậy chời? Hông hỏi thiệt,,,
Con già này toàn quay ngoài dduong,,,
I love you chu cờ mo 🤣🤣,,,
Bo chj ba cung co Lon nua ha,,,
Con chó này bêde ah mọi người,,,
Óc...,,,
Bữa nào lấy cây đơm vô đầu Sena 1 lần đi Abe !!! Nó giỡn mặt hơi nhiều 😂,,,
Tấu hài gamming,,,
Kk,,,
Đức Mạnh Cứng clmm,,,
1 cá nhân làm ảnh hưởng cả 1 đất nước😢,,,
Con yêu nghiệt ở đâu trồi lên dậy,,,
Mỗi đợt iphone ra đều rất siêu việt với những tính năng vượt trột. Chỉ có nhược điểm duy nhất là mình méo có tiền mua thôi😥,,,
☹☹☹,,,
2xx,,,
"cai mon vo.5 ong luc to,hoc vao tau hoa nhap ma,cam sung ban ko dung dich,cam giao chat cung ko dut.ong tran dan nay ,tap vo khi cong khoe den noi bay gan het rang.",,,
Mai mot co Hot Girls chua thue,,,
Tôi gọi là Chínese virus,,,
Chắc chúng quan phụ mẫu thích lũ về lắm đây. Để có tiền thu về mỗi cơn lũ.hehe,,,
Nghe mà giận tím người,,,
Nguyễn Mai Linh đi làm mẫu make kìa :>,,,
chịu,,,
Minh Phạm chợt nhận ra trong túi làm gì có tiền??,,,
Huỳnh Quốc Chương ninh mà,,,
Vũ Tuấn 😂😂 kkkk,,,
"Chỉ có dân đen là chịu mọi sự bất công ở xứ sở này ,tội nghiệp cho cháu Hải 12 năm chưa được xét xử cho đúng , tôi theo dõi thấy nhiều việc mờ ám do con người cố tình tạo ra",,,
Đổi tay kìa các ông để ý kìa,,,
Cho em voi,,,
Lai nha kkk,,,
Hôm nay bỏ liêm xỉ ra xin 1 like AVATAR ạ !!,,,
"Thực ra, người Phụ Nữ mới là lực lượng tạo nên động lực, sự sáng tạo và là sức mạnh quyết định sự hưng vong của xã hội. Xã hội nào trân trọng, biết ơn người phụ nữ, xã hội đó sẽ phát triển bền vững.",,,
Ha Trinh Thu cũng có mặt ở nhiều điểm nóng nhể,,,
bác chần dần chà bá mà có mệnh hệ gì chắc con buồn lắm,,,
Ổng Vui mà bạn,,,
cho em xin cười vào mặt cái ông này phát,,,
Quan vận động 10 đưa dân 1. 😂😂😂,,,
Rủ cả team làm vlog ở cùng nhau 1 ngày không chửi thề đi anh ơi :v,,,
"Nếu vậy lên báo chí nhỉ, sao ko ém luôn?? Ở Anh hay Mỹ cũng có mấy ông nội vì lợi ích cá nhân mà ảnh hưởng người dân, sao thằng chó ad này ko bảo COCC?? Hay thằng ad này phản động theo thằng Mỹ",,,
Đc vl anh eiii =))))),,,
Truy cập vào web của các bác lập ra để check in và kiếm gái :3,,,
"Ơ gì war z , em nói zui thui mà @@",,,
Quốc Vương thì tui thấy sao nói vậy mà vương?,,,
Huyền Mun nhưng hỏi vô lý😅,,,
Cực kì thuyết phục! 😀,,,
Sống chậm lại để yêu thương nào các bạn 😪😪😪,,,
Bạo hành gì mà thầy toàn cười ko vậy =)),,,
Quỳ,,,
Thầy dạy em không được xạo lồn mà ?,,,
:))) hay anh,,,
Spider Man =)))))))),,,
Ồ,,,
mai thúy,,,
Chậm clmm,,,
thầy book giáo án mới cho e:(( a be cứu e vs,,,
Nhìn mặt tao có giống đang quan tâm mâý con cua không,,,
Bớt hạnh họe xem nào,,,
"Mr Trần Dân. Quá hay ""ông đúng là co vấn đặc biệt canh tay phải của tt Trump ""xem rất vui.",,,
Ngầu men,,,
Văn Trường dell nhịn đc cười 🤣,,,
Bản này đẹp hợp anh ưi,,,
2,,,
Looks like lon,,,
Vcl nghỉ me,,,
bú nhanh,,,
Khánh Toàn,,,
Đoàn Duy Diện đc a ơi,,,
đế quốc tư bản ngoại bang thì muốn gắn 2 cái đảo đó vào việt nam ! còn lãnh đạo đông lào thì lại muốn gắn cả việt nam vào dưới đít trung qq !!! thật oan nghiệt,,,
"Khanh Pham đấy là mấy cái thể loại âm nhạc của chúng mày, nhạc Sơn Tùng trẻ trung có vần điệu vươn xa nước ngoài và nước ngoài chỉ có thể nghe nhạc như thế . Mày thử mang nhạc jack của mày ra nước ngoài xem có bị cười vào mặt không ??",,,
Cực kì thiết phục !,,,
Kim Thanh đm thanh nhé,,,
đào tươi nha,,,
Hôm nay Trung sẽ sống thật với giới tính của Trung :)),,,
"Trần Dần nói là mình cũng là yêu nước kìa, đã thay đổi tư tưởng đấy",,,
Cô qua học thêm vs t,,,
Chương Đình Ias xin vid bạn,,,
Bây h so hay sam gì nhìn cũng đ dám ăn 😢,,,
Nấu nổi canh chua như cái bả lồn vậy ai dám ăn. Tao nói hả cái mặt của mày nhìn như trái hủ qua,,,
"Chúc mừng con quỷ này facebook nó bị hacker việt nam đánh sập rồi,toàn bộ đồ mua để bán online nó để ăn rồi kkk.( thực ra nó là phụ hồ nhé ).",,,
"Nguyễn Anh Phước t chửn bị nửa lít axit, chặt 1 cái t tạt dô tay liềnnnn",,,
toàn giáo án lủng,,,
Sạo lol quá,,,
"Nguy hiểm , vì chút lợi nhuận trước mắt mà hủy hoại môi trường thành vùng đất chết ngày càng rộng ...",,,
Đoàn Duy Diện ở đâu v,,,
Không dám tỏ tình thì mời các em về với tộc của anh?,,,
ad càng ngày thấy càng ngu thì fải,,,
vui vẻ ko quạo :))))),,,
Xin vd b,,,
Của gà rán đấy,,,
Khánh Vy ngộ ha 🙂,,,
Ảnh thu thập đc.,,,
Anh Tuân cười hoài .... Dễ thương,,,
HÔ + MÔI DẦY + THẤT HỌC + VÔ VĂN HÓA = LINH CÁ LÓC CÓC 💩💩,,,
"tội nghiệp con nhỏ, khùng lâu năm",,,
Khi K còn cs. ĐMCS,,,
Mặc đồ sang mà đâu có xấu nói thiệt á,,,
Ghế xịn vl,,,
Đỗ Ngọc Phương Trinh Lê Nguyên Thảo Chiêm Khánh Ngọc Ha Huynh Ngoc Anh PhạmJen Phí Phương Thảo mừng rớt nước mắt luôn á mọi người ơi :))))),,,
Quẩy lên anh em!,,,
ngươi tinh trên chiên trân . mai đinh gi đây,,,
Phía sau 1 người đàn ông thất bại là 1 người đàn bà xui dại,,,
Ngu na noi tren troi duoi dat k,,,
Thế ông ad có biết một loạt phóng tên lửa (loại tên lửa hệ Ca-chiu-sa) để dọn bãi tốn bn xiền ko? Một loạt của một xe có khi đã cỡ trăm triệu (hay cả tỷ).,,,
Nhờ chị Nhung nên VN đã bước vào trận 2 :)),,,
Bút này chắc ko bao giờ hết mực =))))))))),,,
Được của ló thank thầy,,,
Thầy ơi bọn này khịa nè :)) Mà cho em xin tên YT mới ạ.,,,
1 chính quyền thối nát . Ngậm miệng ăn tiền thì nói được gì nữa😡,,,
Phát Thịnh thầy tui như thằng xì ke.,,,
Mà bâ ơi mà ba,,,
"điện tính theo số nhé ông ad :v mà cũng kệ đi vì mình có lên tiếng cũng đéo ai quan tâm đâu, quan còn đang bận :3",,,
hag nay no xam,,,
Mẹ high xinh gái ✌❤,,,
Cực kì thuyết phục 😂,,,
Nguyễn Thành Luân mấy h,,,
:)) cái gì nữa đây ! Sao tao vẫn chưa thấy ai quan ngại :)),,,
được anh ưi,,,
phải cho tùng xem cái khác mới bỏ được mèo tom vd : thơ nguyễn,,,
Thu Boo chân tóc nhìn có vê thưa hả e.,,,
Haiz! Vậy mà vẫn có mấy thằng ngu tin đảng! :)),,,
Duyên Suk thế nên t chỉ lướt xem ai cùng quan điểm thì vào cmt thôi. 🤣,,,
From Mixi Bắc Giang chúc bộ tộc nghỉ lễ an toàn vui vẻ,,,
Khánh Chi đẹp quá,,,
Nếu chôn thì ô nhiểm nước với đất :3,,,
Thằng dư luận viên Đinh Bá Trung !!! Thớt nào mày cũng cmt không có não thế,,,
"Trước con Tun nhà em cũng hay tha đồ về nhà, nhưng em thịt nó rồi",,,
Chào a hai 🤣,,,
Mua ở đâu đấy ad?,,,
Dễ thương xĩu lun à chời hihi,,,
Nó làm gì kệ mẹ nó đi,,,
Cũng k biết phải nói gì luôn. Ngay lúc đất nước đag phải nổ lực chống dịch thì lại có những thành phần như v 😕😕,,,
Ác quá,,,
Trâm Trâm từ vụ linsied chị đã nhận ra hắn rất giỏi sủa,,,
Phương Minn me-too,,,
Tuổi trẻ bây giờ chịu thua,,,
"Đức Tân bạn ơiiiiiiii. B gì đó ơi. Sao bạn cứ lôi Tùng vào chuyện của Jack thế ạ. Ủa, 2 người có lỗi gì vs nhau à",,,
Buồn cho anhh tuiii,,,
X,,,
Maria OzaBe thời còn chơi bê đê,,,
2 anh nầy nói chuyện như 2 anh ngáo đá,,,
Linh Phan,,,
"Noãn Noãn ừ . Đâu có sao đâu . Mình cũng nêu ý kiến thui , 😁😁😁😁. K có gì hết á . Lần này k hợp , lần sau nhớ ủng hộ nha bạn 😘😘😘",,,
Nguyễn Trọng Hiệp Đm óc cức à bạn trẻ...,,,
Nhìn cô nói chuyện thiệt tình mà dễ thương sao đâu,,,
Đẹp ma vui thế,,,
Như mấy ng ae bên trên.. :)),,,
"Bác Dần ơi , cháu thấy Bác hướng về đất nước  rồi đó ! Chúc Bác nhiều  sức khỏe...",,,
Ngoc Pham đệch,,,
Ôi hoàng tử hãy tha thứ cho thầy của em bị dính lời nguyền,,,
Mai Anh c ở lạc long quân - cầu giấy hoặc triều khúc em nha,,,
"e chắc chắn nghề CA cũng cao quý , chỉ có ....:(",,,
Đẹp chỗ nào thế,,,
toang thế đéo nào đc a,,,
"có ai để ý chữ ở biển xanh xoay tròn kia ghi "" Tương lai chung ngồi nhà "" :))",,,
Thân Hoài Thương lại thêm 1 đứa tai trâu :)),,,
Uyen Le loại có trứng ah tầm hàng trẹo thui,,,
"12:55 ""sau khi phỏng dấn, tui sẽ quính cho bài dõ, cho cho cho.........  Cho cho cho........ Cho cho cho........""  =]]]]",,,
Nhân viên bưg nước mà xạo xạo,,,
Đôi khi quảng cáo với cái đầu ngắn nên bị tổ trác. Thay vì hòa đồng thì cứ thích tỏ vẻ bố thiên hạ. Chán ông vin fet,,,
xịn xò như này k thầy 🤔,,,
"Con này nói chuyện thì biết 0 có học ,bit đường sống của nó là đúng, đó cũng là thay trời hành đạo",,,
BaroiBeo X tieu tieu,,,
0917043577 vinaphone nha cô ba,,,
Hình như có râu,,,
e chúc panda của abe iu dấu 20/10 vui vẻ nhé và đừng quên xoá kênh,,,
Mấy anh chị nói đúng rồi nha,,,
Linh Phương ư ư,,,
Xạo lồn hông có gì vui nên chúng ta hông nên xạo lồn,,,
"Video này ông Dần nói rất đúng, cả vấn đề biển đông và tinh thần dân tộc. ông về VN fan hơi bị nhiều đấy",,,
2tr 1 trận a nhõ 🤣,,,
Duy Nhữ m bắt trend nhanh á,,,
dmcs nước còn nợ nhiều.,,,
"Yêu làm gì , cứ sáng sáng chơi game hay đi làm , tối về xem anh stream roiii ngủ , nhàn nhã :33 .",,,
Nghe có vẽ nông thôn nhưng rất thành thị 🤣,,,
Chắc mặc vội đi ì ven nên k kịp kéo khoá,,,
vãi...,,,
Đoàn kết đoàn kết đại đoàn kết!!!🤝,,,
Ad cứ mà cẩn thẩn bọn dlv. Cứ ghi vầy : Đụ Má CSVN,,,
nặng mùi,,,
Trung TN b phân biệt đc k v,,,
Nên kết nạp lảo ta vào Đcs vn để làm chủ tịch nước hay thủ tướng để lèo lái vn trở nên hùng mạnh như nam Hàn để không còn ai trốn qua đó làm công hay ở đợ nữa !,,,
Tui cười tui ỉa với cô luôn ấy 😂😂,,,
Ơ ơ anh ơi gỡ danh hiệu fan cứng của em đi,,,
Đi đường quyền,,,
Đừng có mừng nhé cưng...chết mẹ mày roi tao co tứ đôi thông,,,
Nhật Lam anh ở huyện nào đấy,,,
Đồ Uyển Đình Ngọc chị có chồng ch :v,,,
"đéo biết đúng hay không nhưng dân mình cđg gì cũng share ầm ầm được, Thông tin chính thống thì đ chịu đọc, cứ đi đọc đâu đâu rồi loan ầm hết cả lên.",,,
linh cá chốt e ơi cá lóc co giá hơn,,,
Em thích trẻ con nhưng chỉ đối với mấy bé cute thôi còn mấy đứa mà hay dỗi hay khóc thì ...🤦,,,
Cô dễ thương ghê,,,
Game cu lon nay=))),,,
Sống nhanh lên ae à,,,
Long Ka,,,
Phạm Trang nếu đã chưa từng có gì với nhau sao phải hủy theo dõi :),,,
Nghe rất hợp lý và rất thuyết phục,,,
Thầy đang nghĩ về cô em xinh tươi này ...,,,
Dù trong phim hay ngoài đời anh vẫn đẹp trai vcl,,,
Ông đó ở Nhật hay Việt Nam v 😶😶😶,,,
Nguyên Mai Húong ũa zị hả b . Sao mình tìm bên Zara đợt này ko thấy . Cám ơn b nhiều nha,,,
Bắc Hàn là nghèo bền thật sự,,,
Bên mình có bán quan tài nhé ai có ý định tự tử thì ib để dc phục vụ tận tình hợp lí nhé :)),,,
"Tôi không xem đâu mọi người ơi. Chỉ bình luận thôi có được không. Nói thật ông trần dần này (tôi cố tình không viết hoa để thể hiện sự tôn trọng với ông ấy) . Một con người đáng khinh. Ảo tưởng không tự nhận ra mình là ai một thầy mo đúng nghĩa, chỉ có thể lừa bịp được những người dân tộc mà thôi. Nói đến ông ta ai mà không tức cười 😂😂😂😂😂😄😁😁😃😂😂😃",,,
ok anh ei,,,
Giàu thế vàng đeo cả thỏi vàng to nhủ cổ tay buổi sáng,,,
Người ta đã xin lỗi cộng đồng mạng rồi đừng đăng lên nữa câu lại hoài ☠️,,,
Thiếu 4 danh hài này mất vui ời :(((,,,
duyên quá cô ơiiiii. yêu quý cô💓,,,
Thìn Thần,,,
Ninh thảo Quyên Chym Kuvo may hqa k đi về đg này,,,
Sống chậm lại mấy bạn ơi :))),,,
tên gif là gì thế anh,,,
Cách tính của người Tày,,,
Buồn lắm anh ạ,,,
@Thinh Pham kệ t,,,
Quá dữ,,,
"Tao góp ý nhé , tính tao không thích vòng vo, người tao thẳng lắm, có chi nói đó, tao nói rất kiệm lời,chủ yếu là tập trung zô vấn đề, nói ít mong ae hiểu nhiều, vì thế nên nó đã hình thành nên tính cách của tao, là một người không thích nói chuyện vòn",,,
T tự hỏi B52 nghĩa gì ? Phải là B89 chứ ?,,,
"Thằng bê nầy nổ quá, cái miệng nầy tạo nghiệp, bê ng ta coi đc bê nầy khó coi quá",,,
Cho xin bài nhạc,,,
"Trước kia: Cái vụ nón bảo hiểm cũg bọn điên chúng bây đợi ra luật rồi đổ xô đi mua, làm cho khan hiếm hàng. Tíh mạg của mìh ko lo đợi khi ép buộc rồi đổ xô đi mua, tự mìh làm khổ mình. Đúg là ngu vải. Mai là lúc đó thằng ad chưa mọc răng thôi lúc nón bảo hiểm ấy nó sẻ sủa cho xem",,,
Liễu Bích :)))))),,,
Quang Quang Tường mấy lol đó mà. Lạc hậu vãi lol,,,
Giống với hình trên áo abe ghê vậy á🙂,,,
Mixi mixi mixigaming - đitconme vô lý,,,
Nguyễn Thịnh xin ảnh pro,,,
Đây cũng vậy :)),,,
Troi. Oi.  Chuoi. J. Ghe. Z,,,
Chán thề non hẹn biển haizz,,,
giàu qá thì tụi nó thịt để cướp,,,
Mang tiếng nhạc,,,
Bình định cũng vâth,,,
Thầy lúc nào chả khổ 😂😂,,,
Nếu không chiếm MN thì CS bake sẽ chết đói ở ngoài vĩ tuyến 17 như là Bắc Hàn hiện tại bây giờ. Nên khi chiếm được MN rồi thì CS sẽ thu tiền thuế nhiều như là chiến phí giải phòng MN!,,,
Huyền Khánh Phùng giống vãi,,,
Má ơi cô dể thương xỉu,,,
Vẫn phải ăn xúc xích anh ạ :(,,,
Ông tuân ỗng vô duyên ghê... Đất của ngta mà đi xin..anh tuân ơi anh hết duyên dáng rồi.. 🤭🤭😊,,,
🔥 Trần Dần nói gì khi bị giới trẻ tại Việt Nam làm Clip giễu cợt?,,,
Thời trang mà dell ra gì.,,,
ae thấy hay đừng quên đăng ký kênh,,,
Sao lại lấy ảnh của mình nhỉ 🤨,,,
Chị pa nhận kiếm cu để bú,,,
anh vừa phét hay vll,,,
Nguyễn Hoàng Sâm nôn link ra,,,
Nhiên An chủ động đi khám nhưng ko mất phí,,,
Chi yêu đẹp nhìn ma mê hà,,,
"Long Thành làm tới thôi, điều kiện cần và đủ đều có cả rồi",,,
Nghe giọng mà n*ng hết sức :))))),,,
Mới hả mọi người,,,
"Nói chung khựa đã thất bại với HK nhưng nhất quyết khog buông tha , và dân HK phãi lấy máu và nước mắt đễ đỗi lấy tự do và nhân quyền",,,
Nhạc bản quyền thấy mẹ 🙂,,,
Nguyễn Minh Hiếu thầy t :))),,,
Tập này đáng xem nhất,,,
Gia Bảo bắt chước nhạt vl,,,
Tôi đã đọc và đồng ý điều khoản nêu trên,,,
Loại nghiện game + săm trổ k có tương lai đâu nha,,,
Và nhìn mãi không thấy nốt ruồi huyền thoại ở đâu😁,,,
tùng đáng iu thẹc sự,,,
Mắc gì tui phải trả lời câu hỏi của anh ?,,,
100k like Sói xoá kênh của ông già nhé các bạn =))),,,
Quá gắt anh ơiiiii,,,
"May Cha  H O an Tro. Cap.  Ranh c. Di ngoi le.  Nhieu chuyen.  Do   Cai Thu , do tam than",,,
Nc đàng hoàng đi bạn,,,
Ba nay rah wa luc nao thay chui ng ta hoai khug,,,
Minh Hoàng lần này bọn Thái vẽ bo vc ra. lúc nào cũng tâm bo. 😞,,,
đẹp trai nên tha thứ cho mọi lỗi lầm khóc lóc :)),,,
Ngô Tấn Hưng ire 4/1 kêu chơi với lính?,,,
"Một đám dlv tư chịch vs nhau, tởm vkl",,,
ánh mắt của thầy :)))),,,
Thích chị có nói có ai sai thì cứ chửi,,,
Thật sự là đã hi sinh quá nhiều,,,
Bao nhiêu ae ra đảo giờ chưa về hôm bữa theo 12-20 của Abe giơ tay Abe thuê thuyền cứu về nào 😂,,,
